,ObjNAME,ObjTYPE,Path,ObjREFERENCE,ObjREFERENCEtype
0,/ASBHA-P-5003,SCEQUI,/ASBHA-P-5003/N1,"/ASBH-4""-DPS-500163-AX2/B01",SCBRAN
1,/ASBHA-P-5003,SCEQUI,/ASBHA-P-5003/N2,"/ASBH-3""-DPS-500165-AX1/B01",SCBRAN
2,/ASBHA-P-5003,SCEQUI,/ASBHA-P-5003/N1,"/ASBH-2""-DPS-500175-AX2/B01",SCBRAN
4,/ASBHA-P-5003,SCEQUI,/ASBHA-P-5003/N1,"/ASBH-4""-DPS-500163-AX2/B04",SCBRAN
6,/ASBHA-P-5003,SCEQUI,/ASBHA-P-5003/N1,"/ASBH-4""-DPS-500163-AX2/B05",SCBRAN
8,/ASBHA-P-5003,SCEQUI,/ASBHA-P-5003/N1,"/ASBH-4""-DPS-500163-AX2/B06",SCBRAN
11,/ASBHA-P-5003,SCEQUI,/ASBHA-P-5003/N1,"/ASBH-4""-DPS-500162-AX2/B01",SCBRAN
12,/ASBHA-P-5003,SCEQUI,/ASBHA-P-5003/N2,"/ASBH-3""-DPS-500165-AX1/B05",SCBRAN
14,/ASBHA-P-5003,SCEQUI,/ASBHA-P-5003/N2,"/ASBH-3""-DPS-500165-AX1/B04",SCBRAN
16,/ASBHA-P-5003,SCEQUI,/ASBHA-P-5003/N2,"/ASBH-3""-DPS-500165-AX1/B03",SCBRAN
18,/ASBHA-P-5003,SCEQUI,/ASBHA-P-5003/N2,"/ASBH-2""-DPS-500186-AX1/B01",SCBRAN
20,/ASBHA-P-5003,SCEQUI,/ASBHA-P-5003/N2,"/ASBH-3""-DPS-500166-AX1/B01",SCBRAN
23,/ASBHA-P-5003,SCEQUI,/ASBHA-P-5003/N1,"/ASBH-2""-DPS-500167-AX1/B01",SCBRAN
25,/ASBHA-P-5003,SCEQUI,/ASBHA-P-5003/N1,"/ASBH-4""-DPS-500162-AX2/B02",SCBRAN
27,/ASBHA-P-5003,SCEQUI,/ASBHA-P-5003/N1,"/ASBH-4""-DPS-500164-AX2/B01",SCBRAN
30,/ASBHA-P-5003,SCEQUI,/ASBHA-P-5003/N2,"/ASBH-2""-DPS-500187-AX1/B01",SCBRAN
31,/ASBHA-P-5003,SCEQUI,/ASBHA-P-5003/N2,"/ASBH-2""-DPS-500188-AX1/B01",SCBRAN
32,/ASBHA-P-5003,SCEQUI,/ASBHA-P-5003/N2,"/ASBH-3""-DPS-500166-AX1/B02",SCBRAN
34,/ASBHA-P-5003,SCEQUI,/ASBHA-P-5003/N2,"/ASBH-3""-DPS-500166-AX1/B03",SCBRAN
36,/ASBHA-P-5003,SCEQUI,/ASBHA-P-5003/N2,"/ASBH-3""-DPS-500166-AX1/B04",SCBRAN
41,/ASBHA-P-5003,SCEQUI,/ASBHA-P-5003/N1,"/ASBH-2""-DPS-500176-AX2/B01",SCBRAN
43,/ASBHA-P-5003,SCEQUI,/ASBHA-P-5003/N1,"/ASBH-4""-DPS-500164-AX2/B04",SCBRAN
45,/ASBHA-P-5003,SCEQUI,/ASBHA-P-5003/N1,"/ASBH-4""-DPS-500164-AX2/B05",SCBRAN
47,/ASBHA-P-5003,SCEQUI,/ASBHA-P-5003/N1,"/ASBH-4""-DPS-500164-AX2/B06",SCBRAN
51,/ASBHA-B-5410,SCEQUI,/ASBHA-B-5410/N,"/ASBH-1""-AI-542001-AD1/B01",SCBRAN
53,/ASBHA-B-5410,SCEQUI,/ASBHA-B-5410/N,"/ASBH-1""-AI-542002-AD1/B01",SCBRAN
55,/ASBHA-B-5410,SCEQUI,/ASBHA-B-5410/N,"/ASBH-3""-DO-544502-AT1/B01",SCBRAN
59,/ASBHA-EP-3835,SCEQUI,/ASBHA-EP-3835/N3,"/ASBH-4""-OCS-383501-BD1/B01",SCBRAN
60,/ASBHA-EP-3835,SCEQUI,/ASBHA-EP-3835/N2,"/ASBH-8""-OCS-383504-BD2/B01",SCBRAN
61,/ASBHA-EP-3835,SCEQUI,/ASBHA-EP-3835/N6,"/ASBH-3""-OCS-383502-BD1/B01",SCBRAN
62,/ASBHA-EP-3835,SCEQUI,/ASBHA-EP-3835/N9,"/ASBH-2""-OCS-383503-BD1/B01",SCBRAN
63,/ASBHA-EP-3835,SCEQUI,/ASBHA-EP-3835/N4,"/ASBH-2""-GPS-383506-BD1/B01",SCBRAN
66,/ASBHA-EP-3835,SCEQUI,/ASBHA-EP-3835/N3,"/ASBH-2""-OCS-384076-BD1/B01",SCBRAN
68,/ASBHA-EP-3835,SCEQUI,/ASBHA-EP-3835/N2,"/ASBH-8""-OCS-383504-BD2/B07",SCBRAN
70,/ASBHA-EP-3835,SCEQUI,/ASBHA-EP-3835/N2,"/ASBH-8""-OCS-383504-BD2/B02",SCBRAN
72,/ASBHA-EP-3835,SCEQUI,/ASBHA-EP-3835/N2,"/ASBH-8""-OCS-383504-BD2/B03",SCBRAN
74,/ASBHA-EP-3835,SCEQUI,/ASBHA-EP-3835/N2,"/ASBH-8""-OCS-383504-BD2/B04",SCBRAN
76,/ASBHA-EP-3835,SCEQUI,/ASBHA-EP-3835/N2,"/ASBH-8""-OCS-383513-BD2/B01",SCBRAN
78,/ASBHA-EP-3835,SCEQUI,/ASBHA-EP-3835/N2,"/ASBH-8""-OCS-383504-BD2/B06",SCBRAN
80,/ASBHA-EP-3835,SCEQUI,/ASBHA-EP-3835/N2,"/ASBH-8""-OCS-383504-BD2/B05",SCBRAN
83,/ASBHA-EP-3835,SCEQUI,/ASBHA-EP-3835/N6,"/ASBH-2""-OCS-384077-BD1/B01",SCBRAN
87,/ASBHA-EJ-3523,SCEQUI,=1073763642/120647,"/ASBH-6""-WI-350017-AR1/B02",SCBRAN
88,/ASBHA-EJ-3523,SCEQUI,=1073763642/120646,"/ASBH-6""-WI-356193-AR1/B01",SCBRAN
89,/ASBHA-EJ-3523,SCEQUI,=1073763642/120647,"/ASBH-6""-WI-350017-AR1/B03",SCBRAN
91,/ASBHA-EJ-3523,SCEQUI,=1073763642/120646,"/ASBH-6""-WI-356194-AR1/B01",SCBRAN
92,/ASBHA-P-4001,SCEQUI,/ASBHA-P-4001/N2,"/ASBH-3""-DPS-400408-BX1/B01",SCBRAN
93,/ASBHA-P-4001,SCEQUI,/ASBHA-P-4001/N1,"/ASBH-6""-DPS-400403-BX1/B02",SCBRAN
94,/ASBHA-P-4001,SCEQUI,/ASBHA-P-4001/N2,"/ASBH-3""-DPS-400408-BX1/B10",SCBRAN
96,/ASBHA-P-4001,SCEQUI,/ASBHA-P-4001/N2,"/ASBH-3""-DPS-400408-BX1/B04",SCBRAN
98,/ASBHA-P-4001,SCEQUI,/ASBHA-P-4001/N2,"/ASBH-3""-DPS-400408-BX1/B09",SCBRAN
100,/ASBHA-P-4001,SCEQUI,/ASBHA-P-4001/N2,"/ASBH-3""-DPS-400408-BX1/B05",SCBRAN
102,/ASBHA-P-4001,SCEQUI,/ASBHA-P-4001/N2,"/ASBH-2""-DPS-400411-BX1/B01",SCBRAN
104,/ASBHA-P-4001,SCEQUI,/ASBHA-P-4001/N2,"/ASBH-3""-DPS-400417-BX1/B01",SCBRAN
106,/ASBHA-P-4001,SCEQUI,/ASBHA-P-4001/N2,"/ASBH-3""-DPS-400408-BX1/B02",SCBRAN
108,/ASBHA-P-4001,SCEQUI,/ASBHA-P-4001/N1,"/ASBH-6""-DPS-400407-BX1/B06",SCBRAN
109,/ASBHA-P-4001,SCEQUI,/ASBHA-P-4001/N1,"/ASBH-6""-DPS-400403-BX1/B01",SCBRAN
112,/ASBHA-P-4001,SCEQUI,/ASBHA-P-4001/N2,"/ASBH-3""-DPS-400417-BX1/B07",SCBRAN
114,/ASBHA-P-4001,SCEQUI,/ASBHA-P-4001/N2,"/ASBH-3""-DPS-400417-BX1/B02",SCBRAN
116,/ASBHA-P-4001,SCEQUI,/ASBHA-P-4001/N2,"/ASBH-3""-DPS-400417-BX1/B06",SCBRAN
118,/ASBHA-P-4001,SCEQUI,/ASBHA-P-4001/N2,"/ASBH-3""-DPS-400417-BX1/B03",SCBRAN
120,/ASBHA-P-4001,SCEQUI,/ASBHA-P-4001/N2,"/ASBH-2""-DPS-400410-BX1/B01",SCBRAN
123,/ASBHA-P-4001,SCEQUI,/ASBHA-P-4001/N2,"/ASBH-2""-DPS-400413-AX1/B01",SCBRAN
124,/ASBHA-V-5305,SCEQUI,/ASBHA-V-5305/N1,"/ASBH-36""-WS-534421-AO1/B01",SCBRAN
125,/ASBHA-FIL-5413,SCEQUI,/ASBHA-FIL-5413/N2,"/ASBH-2""-AI-541046-AS1/B01",SCBRAN
126,/ASBHA-FIL-5413,SCEQUI,/ASBHA-FIL-5413/N3,"/ASBH-2""-AI-541050-AS1/B01",SCBRAN
127,/ASBHA-FIL-5413,SCEQUI,/ASBHA-FIL-5413/N2,"/ASBH-2""-AI-541046-AS1/B02",SCBRAN
129,/ASBHA-FIL-5413,SCEQUI,/ASBHA-FIL-5413/N2,"/ASBH-2""-AU-541056-AS1/B01",SCBRAN
131,/ASBHA-FIL-5413,SCEQUI,/ASBHA-FIL-5413/N2,"/ASBH-3""-AI-541054-AS1/B01",SCBRAN
133,/ASBHA-FIL-5413,SCEQUI,/ASBHA-FIL-5413/N3,"/ASBH-2""-AI-541051-AS1/B01",SCBRAN
136,/ASBHA-FIL-5413,SCEQUI,/ASBHA-FIL-5413/N3,"/ASBH-2""-AI-549140-AS1/B01",SCBRAN
137,/ASBHA-FIL-5413,SCEQUI,/ASBHA-FIL-5413/N2,"/ASBH-3""-AI-541065-AS1/B01",SCBRAN
143,/ASBHA-FIL-5413,SCEQUI,/ASBHA-FIL-5413/N3,"/ASBH-2""-AI-541049-AS1/B01",SCBRAN
145,/ASBHA-FIL-5413,SCEQUI,/ASBHA-FIL-5413/N3,"/ASBH-0.75""-AI-549139-IT1/B01",SCBRAN
151,/ASBHA-P-3511,SCEQUI,/ASBHA-P-3511/N1,"/ASBH-26""-WI-350030-BD1/B01",SCBRAN
152,/ASBHA-P-3511,SCEQUI,/ASBHA-P-3511/N2,"/ASBH-20""-WI-350031-BD1/B01",SCBRAN
153,/ASBHA-T-3915,SCEQUI,/ASBHA-T-3915/N7,"/ASBH-1""-CY-392195-AH1/B01",SCBRAN
154,/ASBHA-T-3915,SCEQUI,/ASBHA-T-3915/N7,"/ASBH-0.5""-CY-392193-AH1/B01",SCBRAN
155,/ASBHA-FIL-3528,SCEQUI,/ASBHA-FIL-3528/N2,"/ASBH-14""-CY-355123-AR1/B02",SCBRAN
156,/ASBHA-FIL-3528,SCEQUI,/ASBHA-FIL-3528/N2,"/ASBH-14""-CY-355123-AR1/B01",SCBRAN
158,/ASBHA-FIL-3528,SCEQUI,/ASBHA-FIL-3528/N1,"/ASBH-14""-CY-355120-AR1/B01",SCBRAN
159,/ASBHA-FIL-3528,SCEQUI,/ASBHA-FIL-3528/N1,"/ASBH-14""-CY-355119-AR1/B01",SCBRAN
160,/ASBHA-FIL-3528,SCEQUI,/ASBHA-FIL-3528/N1,"/ASBH-14""-CY-355119-AR1/B02",SCBRAN
163,/ASBHA-FIL-3528,SCEQUI,/ASBHA-FIL-3528/N1,"/ASBH-14""-CY-355120-AR1/B02",SCBRAN
166,/ASBHA-P-1002,SCEQUI,/ASBHA-P-1002/N2,"/ASBH-2""-WP-100006-AR1/B01",SCBRAN
167,/ASBHA-P-1002,SCEQUI,/ASBHA-P-1002/N1,"/ASBH-3""-WP-100003-AR1/B01",SCBRAN
168,/ASBHA-P-1002,SCEQUI,/ASBHA-P-1002/N2,"/ASBH-2""-WP-100005-AR1/B01",SCBRAN
169,/ASBHA-P-1002,SCEQUI,/ASBHA-P-1002/N2,"/ASBH-2""-WP-100007-AR1/B01",SCBRAN
170,/ASBHA-P-1002,SCEQUI,/ASBHA-P-1002/N2,"/ASBH-2""-WP-100008-AR1/B04",SCBRAN
173,/ASBHA-P-1002,SCEQUI,/ASBHA-P-1002/N2,"/ASBH-2""-WP-100008-AR1/B05",SCBRAN
174,/ASBHA-P-1002,SCEQUI,/ASBHA-P-1002/N2,"/ASBH-2""-WP-100008-AR1/B01",SCBRAN
177,/ASBHA-P-1002,SCEQUI,/ASBHA-P-1002/N2,"/ASBH-2""-WP-100008-AR1/B06",SCBRAN
179,/ASBHA-P-1002,SCEQUI,/ASBHA-P-1002/N2,"/ASBH-2""-WP-100008-AR1/B07",SCBRAN
181,/ASBHA-P-1002,SCEQUI,/ASBHA-P-1002/N2,"/ASBH-2""-WP-100016-AR1/B01",SCBRAN
183,/ASBHA-P-1002,SCEQUI,/ASBHA-P-1002/N2,"/ASBH-2""-WP-102001-AR1/B02",SCBRAN
185,/ASBHA-P-1002,SCEQUI,/ASBHA-P-1002/N2,"/ASBH-2""-WP-100008-AR1/B08",SCBRAN
189,/ASBHA-P-1002,SCEQUI,/ASBHA-P-1002/N2,"/ASBH-2""-WP-100010-AR1/B01",SCBRAN
192,/ASBHA-P-1002,SCEQUI,/ASBHA-P-1002/N2,"/ASBH-2""-WP-100015-AR1/B01",SCBRAN
194,/ASBHA-P-1002,SCEQUI,/ASBHA-P-1002/N2,"/ASBH-2""-WP-101002-AR1/B01",SCBRAN
196,/ASBHA-P-1002,SCEQUI,/ASBHA-P-1002/N2,"/ASBH-2""-WP-100017-AR1/B01",SCBRAN
198,/ASBHA-P-1002,SCEQUI,/ASBHA-P-1002/N2,"/ASBH-3""-WP-101004-AR1/B01",SCBRAN
200,/ASBHA-P-1002,SCEQUI,/ASBHA-P-1002/N2,"/ASBH-2""-WP-101003-AR1/B01",SCBRAN
202,/ASBHA-P-1002,SCEQUI,/ASBHA-P-1002/N1,"/ASBH-3""-WP-100002-AR1/B02",SCBRAN
203,/ASBHA-P-1002,SCEQUI,/ASBHA-P-1002/N1,"/ASBH-3""-WP-100002-AR1/B01",SCBRAN
204,/ASBHA-P-1002,SCEQUI,/ASBHA-P-1002/N1,"/ASBH-3""-WP-100002-AR1/B03",SCBRAN
206,/ASBHA-P-1002,SCEQUI,/ASBHA-P-1002/N1,"/ASBH-3""-WP-100002-AR1/B04",SCBRAN
208,/ASBHA-P-1002,SCEQUI,/ASBHA-P-1002/N1,"/ASBH-3""-WP-100002-AR1/B05",SCBRAN
211,/ASBHA-EP-3801,SCEQUI,/ASBHA-EP-3801/N3,"/ASBH-4""-OCS-380101-BD1/B01",SCBRAN
212,/ASBHA-EP-3801,SCEQUI,/ASBHA-EP-3801/N2,"/ASBH-10""-OCS-380104-BD2/B01",SCBRAN
213,/ASBHA-EP-3801,SCEQUI,/ASBHA-EP-3801/N6,"/ASBH-3""-OCS-380102-BD1/B01",SCBRAN
214,/ASBHA-EP-3801,SCEQUI,/ASBHA-EP-3801/N9,"/ASBH-2""-OCS-380103-BD1/B01",SCBRAN
215,/ASBHA-EP-3801,SCEQUI,/ASBHA-EP-3801/N4,"/ASBH-2""-OCS-380106-BD1/B01",SCBRAN
218,/ASBHA-EP-3801,SCEQUI,/ASBHA-EP-3801/N3,"/ASBH-2""-OCS-384064-BD1/B01",SCBRAN
221,/ASBHA-EP-3801,SCEQUI,/ASBHA-EP-3801/N2,"/ASBH-10""-OCS-380104-BD2/B03",SCBRAN
223,/ASBHA-EP-3801,SCEQUI,/ASBHA-EP-3801/N2,"/ASBH-10""-OCS-380104-BD2/B04",SCBRAN
225,/ASBHA-EP-3801,SCEQUI,/ASBHA-EP-3801/N2,"/ASBH-10""-OCS-380104-BD2/B05",SCBRAN
227,/ASBHA-EP-3801,SCEQUI,/ASBHA-EP-3801/N2,"/ASBH-10""-OCS-380113-BD2/B01",SCBRAN
229,/ASBHA-EP-3801,SCEQUI,/ASBHA-EP-3801/N2,"/ASBH-10""-OCS-380104-BD2/B06",SCBRAN
231,/ASBHA-EP-3801,SCEQUI,/ASBHA-EP-3801/N2,"/ASBH-10""-OCS-380104-BD2/B02",SCBRAN
234,/ASBHA-EP-3801,SCEQUI,/ASBHA-EP-3801/N6,"/ASBH-2""-OCS-384065-BD1/B01",SCBRAN
240,/ASBHA-EP-3801,SCEQUI,/ASBHA-EP-3801/N5B,"/ASBH-12""-OCS-380504-BD2/B08",SCBRAN
241,/ASBHA-P-3414,SCEQUI,/ASBHA-P-3414/N1,"/ASBH-4""-OCS-340315-BD1/B02",SCBRAN
242,/ASBHA-P-3414,SCEQUI,/ASBHA-P-3414/N1,"/ASBH-4""-OCS-340315-BD1/B01",SCBRAN
243,/ASBHA-P-3414,SCEQUI,/ASBHA-P-3414/N1,"/ASBH-4""-OCS-340315-BD1/B03",SCBRAN
245,/ASBHA-P-3414,SCEQUI,/ASBHA-P-3414/N1,"/ASBH-4""-OCS-340044-BD1/B01",SCBRAN
247,/ASBHA-P-3414,SCEQUI,/ASBHA-P-3414/N1,"/ASBH-4""-OCS-340044-BD1/B03",SCBRAN
249,/ASBHA-P-3414,SCEQUI,/ASBHA-P-3414/N1,"/ASBH-4""-OCS-340044-BD1/B05",SCBRAN
251,/ASBHA-P-3414,SCEQUI,/ASBHA-P-3414/N1,"/ASBH-4""-OCS-340044-BD1/B06",SCBRAN
256,/ASBHA-P-3414,SCEQUI,/ASBHA-P-3414/N2,"/ASBH-3""-OCS-340318-BD1/B02",SCBRAN
257,/ASBHA-P-3414,SCEQUI,/ASBHA-P-3414/N2,"/ASBH-3""-OCS-340318-BD1/B01",SCBRAN
258,/ASBHA-P-3414,SCEQUI,/ASBHA-P-3414/N2,"/ASBH-2""-OCS-340025-BD1/B01",SCBRAN
262,/ASBHA-P-3414,SCEQUI,/ASBHA-P-3414/N2,"/ASBH-3""-OCS-340316-BD1/B02",SCBRAN
263,/ASBHA-P-3414,SCEQUI,/ASBHA-P-3414/N2,"/ASBH-3""-OCS-340316-BD1/B01",SCBRAN
264,/ASBHA-P-3414,SCEQUI,/ASBHA-P-3414/N2,"/ASBH-3""-OCS-340316-BD1/B03",SCBRAN
266,/ASBHA-P-3414,SCEQUI,/ASBHA-P-3414/N2,"/ASBH-3""-OCS-340316-BD1/B07",SCBRAN
268,/ASBHA-P-3414,SCEQUI,/ASBHA-P-3414/N2,"/ASBH-3""-OCS-340316-BD1/B04",SCBRAN
270,/ASBHA-P-3414,SCEQUI,/ASBHA-P-3414/N2,"/ASBH-2""-OCS-340319-BD1/B01",SCBRAN
272,/ASBHA-P-3414,SCEQUI,/ASBHA-P-3414/N2,"/ASBH-3""-OCS-340316-BD1/B08",SCBRAN
277,/ASBHA-P-3948,SCEQUI,/=1073780026/40065/N2,"/ASBH-0.5""-CY-392221-AT1/B01",SCBRAN
278,/ASBHA-P-3948,SCEQUI,/=1073780026/40065/N,"/ASBH-1""-CY-392219-AT1/B01",SCBRAN
279,/ASBHA-P-3948,SCEQUI,/=1073780026/40065/N2,"/ASBH-0.5""-CY-392221-AT1/B04",SCBRAN
281,/ASBHA-P-3948,SCEQUI,/=1073780026/40065/N2,"/ASBH-0.5""-CY-392223-AT1/B01",SCBRAN
283,/ASBHA-P-3948,SCEQUI,/=1073780026/40065/N2,"/ASBH-0.5""-CY-392221-AT1/B02",SCBRAN
285,/ASBHA-P-3948,SCEQUI,/=1073780026/40065/N2,"/ASBH-0.5""-CY-392221-AT1/B05",SCBRAN
288,/ASBHA-P-3948,SCEQUI,/=1073780026/40065/N2,"/ASBH-0.5""-CY-392130-AT1/B01",SCBRAN
289,/ASBHA-P-3948,SCEQUI,/=1073780026/40065/N,"/ASBH-1""-CY-392219-AT1/B03",SCBRAN
291,/ASBHA-P-3948,SCEQUI,/=1073780026/40065/N,"/ASBH-1""-CY-392219-AT1/B02",SCBRAN
293,/ASBHA-P-3948,SCEQUI,/=1073780026/40065/N,"/ASBH-1""-CY-392220-AT1/B01",SCBRAN
296,/ASBHA-P-3948,SCEQUI,/=1073780026/40065/N,"/ASBH-1""-CY-392219-AT1/B04",SCBRAN
298,/ASBHA-P-3948,SCEQUI,/=1073780026/40065/N,"/ASBH-1""-CY-392219-AT1/B05",SCBRAN
301,/ASBHA-P-3948,SCEQUI,/=1073780026/40065/N2,"/ASBH-0.5""-CY-392221-AT1/B03",SCBRAN
303,/ASBHA-P-3948,SCEQUI,/=1073780026/40065/N2,"/ASBH-0.5""-CY-392130-AT1/B06",SCBRAN
305,/ASBHA-P-3948,SCEQUI,/=1073780026/40065/N2,"/ASBH-0.5""-CY-392222-AT1/B01",SCBRAN
307,/ASBHA-P-3948,SCEQUI,/=1073780026/40065/N2,"/ASBH-0.5""-CY-392130-AT1/B02",SCBRAN
309,/ASBHA-P-3948,SCEQUI,/=1073780026/40065/N2,"/ASBH-0.5""-CY-392130-AT1/B07",SCBRAN
311,/ASBHA-P-3948,SCEQUI,/=1073780026/40065/N2,"/ASBH-0.5""-CY-392130-AT1/B04",SCBRAN
313,/ASBHA-P-3948,SCEQUI,/=1073780026/40065/N2,"/ASBH-0.5""-CY-392130-AT1/B08",SCBRAN
316,/ASBHA-P-3948,SCEQUI,/=1073780026/40065/N,"/ASBH-0.5""-CY-392239-AT1/B01",SCBRAN
318,/ASBHA-P-3948,SCEQUI,/=1073780026/40065/N,"/ASBH-1""-CY-392220-AT1/B03",SCBRAN
320,/ASBHA-P-3948,SCEQUI,/=1073780026/40065/N,"/ASBH-1""-CY-392220-AT1/B04",SCBRAN
323,/ASBHA-P-3412,SCEQUI,/ASBHA-P-3412/N2,"/ASBH-14""-OCS-340010-BD1/B01",SCBRAN
324,/ASBHA-P-3412,SCEQUI,/ASBHA-P-3412/N2,"/ASBH-16""-OCS-340014-BD1/B01",SCBRAN
328,/ASBHA-P-3412,SCEQUI,/ASBHA-P-3412/N2,"/ASBH-26""-OCS-340039-BD1/B01",SCBRAN
329,/ASBHA-P-3412,SCEQUI,/ASBHA-P-3412/N1,"/ASBH-20""-OCS-340004-BD1/B07",SCBRAN
330,/ASBHA-P-3412,SCEQUI,/ASBHA-P-3412/N1,"/ASBH-20""-OCS-340004-BD1/B01",SCBRAN
333,/ASBHA-P-3412,SCEQUI,/ASBHA-P-3412/N2,"/ASBH-14""-OCS-340402-BD1/B01",SCBRAN
336,/ASBHA-P-3412,SCEQUI,/ASBHA-P-3412/N2,"/ASBH-14""-OCS-340202-BD1/B01",SCBRAN
338,/ASBHA-P-3412,SCEQUI,/ASBHA-P-3412/N2,"/ASBH-10""-OCS-340102-BD1/B01",SCBRAN
340,/ASBHA-P-3412,SCEQUI,/ASBHA-P-3412/N2,"/ASBH-10""-OCS-349005-BD1/B01",SCBRAN
342,/ASBHA-P-3412,SCEQUI,/ASBHA-P-3412/N2,"/ASBH-26""-OCS-340039-BD1/B03",SCBRAN
344,/ASBHA-P-3412,SCEQUI,/ASBHA-P-3412/N2,"/ASBH-26""-OCS-340039-BD1/B04",SCBRAN
346,/ASBHA-P-3412,SCEQUI,/ASBHA-P-3412/N2,"/ASBH-26""-OCS-340039-BD1/B05",SCBRAN
348,/ASBHA-P-3412,SCEQUI,/ASBHA-P-3412/N2,"/ASBH-3""-OCS-340050-BD1/B01",SCBRAN
350,/ASBHA-P-3412,SCEQUI,/ASBHA-P-3412/N2,"/ASBH-16""-OCS-340040-BD1/B01",SCBRAN
354,/ASBHA-P-3412,SCEQUI,/ASBHA-P-3412/N2,"/ASBH-2""-OCS-340342-BD1/B01",SCBRAN
356,/ASBHA-P-3412,SCEQUI,/ASBHA-P-3412/N2,"/ASBH-14""-OCS-349001-BD1/B01",SCBRAN
361,/ASBHA-P-3412,SCEQUI,/ASBHA-P-3412/N2,"/ASBH-14""-OCS-340042-BD1/B01",SCBRAN
363,/ASBHA-V-5002,SCEQUI,/ASBHA-V-5002/N6,"/ASBH-4""-DPS-509155-AD1/B01",SCBRAN
364,/ASBHA-V-5002,SCEQUI,/ASBHA-V-5002/N5,"/ASBH-4""-DPS-509154-AD1/B01",SCBRAN
365,/ASBHA-V-5002,SCEQUI,/ASBHA-V-5002/N3,"/ASBH-4""-DPS-509153-AD1/B01",SCBRAN
366,/ASBHA-V-5002,SCEQUI,/ASBHA-V-5002/N2,"/ASBH-4""-DPS-500810-AD1/B01",SCBRAN
367,/ASBHA-V-5002,SCEQUI,/ASBHA-V-5002/N1,"/ASBH-3""-DO-500408-AR1/B01",SCBRAN
368,/ASBHA-V-5002,SCEQUI,/ASBHA-V-5002/N9,"/ASBH-2""-DPS-500188-AX1/B01",SCBRAN
369,/ASBHA-V-5002,SCEQUI,/ASBHA-V-5002/N12,"/ASBH-2""-DPS-500171-AX1/B01",SCBRAN
370,/ASBHA-V-5002,SCEQUI,/ASBHA-V-5002/N7,"/ASBH-2""-DPS-500172-AX1/B01",SCBRAN
371,/ASBHA-V-5002,SCEQUI,/ASBHA-V-5002/N10B,"/ASBH-2""-DPS-509143-AX1/B01",SCBRAN
372,/ASBHA-V-5002,SCEQUI,/ASBHA-V-5002/N10A,"/ASBH-2""-DPS-509142-AX1/B01",SCBRAN
373,/ASBHA-V-5002,SCEQUI,/ASBHA-V-5002/N11,"/ASBH-4""-DPS-500162-AX2/B01",SCBRAN
374,/ASBHA-V-5002,SCEQUI,/ASBHA-V-5002/N2,"/ASBH-4""-DPS-500810-AD1/B07",SCBRAN
376,/ASBHA-V-5002,SCEQUI,/ASBHA-V-5002/N2,"/ASBH-4""-DPS-500704-AD1/B02",SCBRAN
378,/ASBHA-V-5002,SCEQUI,/ASBHA-V-5002/N2,"/ASBH-4""-DPS-500904-AD1/B01",SCBRAN
380,/ASBHA-V-5002,SCEQUI,/ASBHA-V-5002/N2,"/ASBH-4""-DPS-500810-AD1/B09",SCBRAN
382,/ASBHA-V-5002,SCEQUI,/ASBHA-V-5002/N2,"/ASBH-4""-DPS-500810-AD1/B10",SCBRAN
384,/ASBHA-V-5002,SCEQUI,/ASBHA-V-5002/N2,"/ASBH-4""-DPS-500810-AD1/B02",SCBRAN
386,/ASBHA-V-5002,SCEQUI,/ASBHA-V-5002/N2,"/ASBH-4""-DPS-500810-AD1/B03",SCBRAN
388,/ASBHA-V-5002,SCEQUI,/ASBHA-V-5002/N1,"/ASBH-3""-DO-500408-AR1/B02",SCBRAN
390,/ASBHA-V-5002,SCEQUI,/ASBHA-V-5002/N1,"/ASBH-2""-DO-500409-AR1/B01",SCBRAN
392,/ASBHA-V-5002,SCEQUI,/ASBHA-V-5002/N1,"/ASBH-3""-DO-500407-AR1/B01",SCBRAN
395,/ASBHA-V-5002,SCEQUI,/ASBHA-V-5002/N9,"/ASBH-2""-DPS-500187-AX1/B01",SCBRAN
397,/ASBHA-V-5002,SCEQUI,/ASBHA-V-5002/N11,"/ASBH-2""-DPS-500167-AX1/B01",SCBRAN
399,/ASBHA-V-5002,SCEQUI,/ASBHA-V-5002/N11,"/ASBH-4""-DPS-500162-AX2/B02",SCBRAN
401,/ASBHA-V-5002,SCEQUI,/ASBHA-V-5002/N11,"/ASBH-4""-DPS-500163-AX2/B01",SCBRAN
403,/ASBHA-V-5002,SCEQUI,/ASBHA-V-5002/N11,"/ASBH-4""-DPS-500164-AX2/B01",SCBRAN
405,/ASBHA-V-5002,SCEQUI,/ASBHA-V-5002/N2,"/ASBH-4""-DPS-500704-AD1/B01",SCBRAN
408,/ASBHA-V-5002,SCEQUI,/ASBHA-V-5002/N2,"/ASBH-4""-DPS-500810-AD1/B04",SCBRAN
410,/ASBHA-V-5002,SCEQUI,/ASBHA-V-5002/N2,"/ASBH-4""-DPS-500810-AD1/B05",SCBRAN
412,/ASBHA-V-5002,SCEQUI,/ASBHA-V-5002/N2,"/ASBH-4""-DPS-503704-AD1/B01",SCBRAN
414,/ASBHA-V-5002,SCEQUI,/ASBHA-V-5002/N2,"/ASBH-4""-DPS-500810-AD1/B08",SCBRAN
416,/ASBHA-V-5002,SCEQUI,/ASBHA-V-5002/N2,"/ASBH-4""-DPS-501204-AD1/B01",SCBRAN
418,/ASBHA-V-5002,SCEQUI,/ASBHA-V-5002/N2,"/ASBH-4""-DPS-501104-AD1/B02",SCBRAN
420,/ASBHA-V-5002,SCEQUI,/ASBHA-V-5002/N2,"/ASBH-2""-DPS-500068-AD1/B01",SCBRAN
422,/ASBHA-V-5002,SCEQUI,/ASBHA-V-5002/N2,"/ASBH-2""-DPS-500122-AD1/B01",SCBRAN
424,/ASBHA-V-5002,SCEQUI,/ASBHA-V-5002/N2,"/ASBH-4""-DPS-500810-AD1/B11",SCBRAN
426,/ASBHA-V-5002,SCEQUI,/ASBHA-V-5002/N2,"/ASBH-4""-DPS-501004-AD1/B01",SCBRAN
428,/ASBHA-V-5002,SCEQUI,/ASBHA-V-5002/N2,"/ASBH-4""-DPS-500030-AD1/B01",SCBRAN
431,/ASBHA-V-5002,SCEQUI,/ASBHA-V-5002/N2,"/ASBH-2""-DPS-509844-AD1/B01",SCBRAN
433,/ASBHA-V-5002,SCEQUI,/ASBHA-V-5002/N2,"/ASBH-2""-DPS-509842-AD1/B01",SCBRAN
435,/ASBHA-V-5002,SCEQUI,/ASBHA-V-5002/N2,"/ASBH-4""-DPS-509868-AD1/B01",SCBRAN
437,/ASBHA-V-5002,SCEQUI,/ASBHA-V-5002/N2,"/ASBH-2""-DPS-509835-AD1/B01",SCBRAN
439,/ASBHA-V-5002,SCEQUI,/ASBHA-V-5002/N2,"/ASBH-2""-DPS-509845-AD1/B01",SCBRAN
441,/ASBHA-V-5002,SCEQUI,/ASBHA-V-5002/N2,"/ASBH-4""-DO-509877-AD1/B02",SCBRAN
443,/ASBHA-V-5002,SCEQUI,/ASBHA-V-5002/N2,"/ASBH-2""-DPS-509838-AD1/B01",SCBRAN
447,/ASBHA-V-5002,SCEQUI,/ASBHA-V-5002/N1,"/ASBH-2""-DO-500410-AR1/B01",SCBRAN
448,/ASBHA-V-5002,SCEQUI,/ASBHA-V-5002/N1,"/ASBH-3""-DO-500407-AR1/B02",SCBRAN
450,/ASBHA-V-5002,SCEQUI,/ASBHA-V-5002/N1,"/ASBH-2""-DO-500209-AR1/B01",SCBRAN
454,/ASBHA-V-5002,SCEQUI,/ASBHA-V-5002/N9,"/ASBH-3""-DPS-500166-AX1/B01",SCBRAN
455,/ASBHA-V-5002,SCEQUI,/ASBHA-V-5002/N11,"/ASBH-2""-DPS-500175-AX2/B01",SCBRAN
457,/ASBHA-V-5002,SCEQUI,/ASBHA-V-5002/N11,"/ASBH-4""-DPS-500163-AX2/B04",SCBRAN
459,/ASBHA-V-5002,SCEQUI,/ASBHA-V-5002/N11,"/ASBH-4""-DPS-500163-AX2/B05",SCBRAN
461,/ASBHA-V-5002,SCEQUI,/ASBHA-V-5002/N11,"/ASBH-4""-DPS-500163-AX2/B06",SCBRAN
464,/ASBHA-V-5002,SCEQUI,/ASBHA-V-5002/N11,"/ASBH-2""-DPS-500176-AX2/B01",SCBRAN
466,/ASBHA-V-5002,SCEQUI,/ASBHA-V-5002/N11,"/ASBH-4""-DPS-500164-AX2/B04",SCBRAN
468,/ASBHA-V-5002,SCEQUI,/ASBHA-V-5002/N11,"/ASBH-4""-DPS-500164-AX2/B05",SCBRAN
470,/ASBHA-V-5002,SCEQUI,/ASBHA-V-5002/N11,"/ASBH-4""-DPS-500164-AX2/B06",SCBRAN
473,/ASBHA-V-5002,SCEQUI,/ASBHA-V-5002/N2,"/ASBH-4""-DPS-503701-AD1/B01",SCBRAN
474,/ASBHA-V-5002,SCEQUI,/ASBHA-V-5002/N2,"/ASBH-4""-DPS-503702-AD1/B05",SCBRAN
477,/ASBHA-V-5002,SCEQUI,/ASBHA-V-5002/N2,"/ASBH-4""-DPS-501204-AD1/B02",SCBRAN
480,/ASBHA-V-5002,SCEQUI,/ASBHA-V-5002/N2,"/ASBH-4""-DPS-501004-AD1/B02",SCBRAN
482,/ASBHA-V-5002,SCEQUI,/ASBHA-V-5002/N2,"/ASBH-4""-DPS-500035-AD1/B02",SCBRAN
484,/ASBHA-V-5002,SCEQUI,/ASBHA-V-5002/N2,"/ASBH-4""-DPS-509868-AD1/B02",SCBRAN
486,/ASBHA-V-5002,SCEQUI,/ASBHA-V-5002/N2,"/ASBH-2""-DPS-509865-AD1/B01",SCBRAN
488,/ASBHA-V-5002,SCEQUI,/ASBHA-V-5002/N2,"/ASBH-2""-DPS-505051-AD1/B01",SCBRAN
490,/ASBHA-V-5002,SCEQUI,/ASBHA-V-5002/N2,"/ASBH-2""-DPS-509866-AR1/B01",SCBRAN
494,/ASBHA-V-5002,SCEQUI,/ASBHA-V-5002/N9,"/ASBH-3""-DPS-500166-AX1/B02",SCBRAN
496,/ASBHA-V-5002,SCEQUI,/ASBHA-V-5002/N9,"/ASBH-3""-DPS-500166-AX1/B03",SCBRAN
498,/ASBHA-V-5002,SCEQUI,/ASBHA-V-5002/N9,"/ASBH-3""-DPS-500166-AX1/B04",SCBRAN
502,/ASBHA-V-5002,SCEQUI,/ASBHA-V-5002/N9,"/ASBH-3""-DPS-500165-AX1/B01",SCBRAN
503,/ASBHA-V-5002,SCEQUI,/ASBHA-V-5002/N2,"/ASBH-4""-DPS-503703-AD1/B01",SCBRAN
505,/ASBHA-V-5002,SCEQUI,/ASBHA-V-5002/N2,"/ASBH-4""-DPS-503702-AD1/B03",SCBRAN
507,/ASBHA-V-5002,SCEQUI,/ASBHA-V-5002/N9,"/ASBH-3""-DPS-500165-AX1/B05",SCBRAN
509,/ASBHA-V-5002,SCEQUI,/ASBHA-V-5002/N9,"/ASBH-3""-DPS-500165-AX1/B04",SCBRAN
511,/ASBHA-V-5002,SCEQUI,/ASBHA-V-5002/N9,"/ASBH-3""-DPS-500165-AX1/B03",SCBRAN
513,/ASBHA-V-5002,SCEQUI,/ASBHA-V-5002/N9,"/ASBH-2""-DPS-500186-AX1/B01",SCBRAN
517,/ASBHA-FIL-1014,SCEQUI,/ASBHA-FIL-101004/N2,"/ASBH-1""-WP-101066-AR1/B02",SCBRAN
518,/ASBHA-FIL-1014,SCEQUI,/ASBHA-FIL-101004/N2,"/ASBH-1""-WP-101066-AR1/B01",SCBRAN
519,/ASBHA-FIL-1014,SCEQUI,/ASBHA-FIL-101004/N2,"/ASBH-1""-WP-101066-AR1/B03",SCBRAN
521,/ASBHA-FIL-1014,SCEQUI,/ASBHA-FIL-101004/N2,"/ASBH-1""-WP-101066-AR1/B04",SCBRAN
523,/ASBHA-FIL-1014,SCEQUI,/ASBHA-FIL-101004/N2,"/ASBH-0.75""-WP-101019-AR1/B03",SCBRAN
526,/ASBHA-EP-3807,SCEQUI,/ASBHA-EP-3807/N3,"/ASBH-6""-GPS-380701-AD4/B01",SCBRAN
527,/ASBHA-EP-3807,SCEQUI,/ASBHA-EP-3807/N2,"/ASBH-16""-GPS-380704-AD5/B01",SCBRAN
528,/ASBHA-EP-3807,SCEQUI,/ASBHA-EP-3807/N6,"/ASBH-3""-GPS-380702-AD4/B01",SCBRAN
529,/ASBHA-EP-3807,SCEQUI,/ASBHA-EP-3807/N9,"/ASBH-4""-GPS-380703-AD4/B01",SCBRAN
530,/ASBHA-EP-3807,SCEQUI,/ASBHA-EP-3807/N4,"/ASBH-2""-GPS-380051-AD1/B01",SCBRAN
533,/ASBHA-EP-3807,SCEQUI,/ASBHA-EP-3807/N2,"/ASBH-16""-GPS-380704-AD5/B02",SCBRAN
535,/ASBHA-EP-3807,SCEQUI,/ASBHA-EP-3807/N2,"/ASBH-16""-GPS-380704-AD5/B03",SCBRAN
537,/ASBHA-EP-3807,SCEQUI,/ASBHA-EP-3807/N2,"/ASBH-16""-GPS-380704-AD5/B04",SCBRAN
539,/ASBHA-EP-3807,SCEQUI,/ASBHA-EP-3807/N2,"/ASBH-16""-GPS-380713-AD5/B01",SCBRAN
541,/ASBHA-EP-3807,SCEQUI,/ASBHA-EP-3807/N2,"/ASBH-16""-GPS-380704-AD5/B05",SCBRAN
543,/ASBHA-EP-3807,SCEQUI,/ASBHA-EP-3807/N2,"/ASBH-16""-GPS-380704-AD5/B06",SCBRAN
546,/ASBHA-EP-3807,SCEQUI,/ASBHA-EP-3807/N6,"/ASBH-2""-GPS-384007-AD4/B01",SCBRAN
550,/ASBHA-V-3402,SCEQUI,/ASBHA-V-3402/N13,"/ASBH-2""-GPS-340115-AD1/B01",SCBRAN
551,/ASBHA-V-3402,SCEQUI,/ASBHA-V-3402/N12,"/ASBH-2""-GPS-340114-AD1/B01",SCBRAN
552,/ASBHA-V-3402,SCEQUI,/ASBHA-V-3402/N3,"/ASBH-4""-OCS-340314-AD1/B01",SCBRAN
553,/ASBHA-V-3402,SCEQUI,/ASBHA-V-3402/N4,"/ASBH-2""-OCS-340323-AD1/B01",SCBRAN
554,/ASBHA-V-3402,SCEQUI,/ASBHA-V-3402/N5,"/ASBH-6""-GPS-340112-AX2/B01",SCBRAN
555,/ASBHA-V-3402,SCEQUI,/ASBHA-V-3402/N9,"/ASBH-3""-GPS-340109-AX1/B01",SCBRAN
556,/ASBHA-V-3402,SCEQUI,/ASBHA-V-3402/N1,"/ASBH-34""-GPS-340108-AD4/B01",SCBRAN
558,/ASBHA-P-3938,SCEQUI,=1073780026/39837,"/ASBH-0.5""-CY-392130-AT1/B01",SCBRAN
559,/ASBHA-P-3938,SCEQUI,/=1073780026/39835/N,"/ASBH-1""-CY-392220-AT1/B01",SCBRAN
560,/ASBHA-P-3938,SCEQUI,=1073780026/39837,"/ASBH-0.5""-CY-392130-AT1/B03",SCBRAN
561,/ASBHA-P-3938,SCEQUI,=1073780026/39837,"/ASBH-0.5""-CY-392130-AT1/B02",SCBRAN
562,/ASBHA-P-3938,SCEQUI,=1073780026/39837,"/ASBH-0.5""-CY-392221-AT1/B04",SCBRAN
563,/ASBHA-P-3938,SCEQUI,=1073780026/39837,"/ASBH-0.5""-CY-392221-AT1/B01",SCBRAN
564,/ASBHA-P-3938,SCEQUI,=1073780026/39837,"/ASBH-0.5""-CY-392223-AT1/B01",SCBRAN
566,/ASBHA-P-3938,SCEQUI,=1073780026/39837,"/ASBH-0.5""-CY-392221-AT1/B02",SCBRAN
568,/ASBHA-P-3938,SCEQUI,=1073780026/39837,"/ASBH-0.5""-CY-392221-AT1/B05",SCBRAN
571,/ASBHA-P-3938,SCEQUI,=1073780026/39837,"/ASBH-0.5""-CY-392130-AT1/B05",SCBRAN
572,/ASBHA-P-3938,SCEQUI,=1073780026/39837,"/ASBH-0.5""-CY-392130-AT1/B04",SCBRAN
573,/ASBHA-P-3938,SCEQUI,/=1073780026/39835/N,"/ASBH-1""-CY-392219-AT1/B03",SCBRAN
574,/ASBHA-P-3938,SCEQUI,/=1073780026/39835/N,"/ASBH-1""-CY-392219-AT1/B01",SCBRAN
575,/ASBHA-P-3938,SCEQUI,/=1073780026/39835/N,"/ASBH-1""-CY-392219-AT1/B02",SCBRAN
578,/ASBHA-P-3938,SCEQUI,/=1073780026/39835/N,"/ASBH-1""-CY-392219-AT1/B04",SCBRAN
580,/ASBHA-P-3938,SCEQUI,/=1073780026/39835/N,"/ASBH-1""-CY-392219-AT1/B05",SCBRAN
584,/ASBHA-T-3908,SCEQUI,/ASBHA-T-3908/N1,"/ASBH-2""-CX-390008-AS1/B01",SCBRAN
585,/ASBHA-T-3908,SCEQUI,/ASBHA-T-3908/N5,"/ASBH-3""-CX-390033-AS1/B01",SCBRAN
586,/ASBHA-T-3908,SCEQUI,/ASBHA-T-3908/N4,"/ASBH-0.5""-CI-392100-IT1/B01",SCBRAN
587,/ASBHA-T-3908,SCEQUI,/ASBHA-T-3908/N2,"/ASBH-1""-CI-392101-IT1/B01",SCBRAN
588,/ASBHA-T-3908,SCEQUI,/ASBHA-T-3908/N5,"/ASBH-3""-CX-390033-AS1/B02",SCBRAN
590,/ASBHA-V-4001,SCEQUI,/ASBHA-V-4001/N9A,"/ASBH-2""-FHS-400064-AS1/B01",SCBRAN
591,/ASBHA-V-4001,SCEQUI,/ASBHA-V-4001/N2,"/ASBH-14""-FHS-400002-AS2/B01",SCBRAN
592,/ASBHA-V-4001,SCEQUI,/ASBHA-V-4001/N1,"/ASBH-34""-FHS-400001-AD4/B01",SCBRAN
593,/ASBHA-V-4001,SCEQUI,/ASBHA-V-4001/N4,"/ASBH-24""-FHS-400056-AS1/B01",SCBRAN
594,/ASBHA-V-4001,SCEQUI,/ASBHA-V-4001/N10,"/ASBH-2""-DPS-400413-AX1/B01",SCBRAN
595,/ASBHA-V-4001,SCEQUI,/ASBHA-V-4001/N5,"/ASBH-6""-DPS-400416-AX1/B01",SCBRAN
596,/ASBHA-V-4001,SCEQUI,/ASBHA-V-4001/N9B,"/ASBH-2""-FHS-400065-AS1/B01",SCBRAN
597,/ASBHA-V-4001,SCEQUI,/ASBHA-V-4001/N2,"/ASBH-8""-FHS-404092-AS2/B01",SCBRAN
599,/ASBHA-V-4001,SCEQUI,/ASBHA-V-4001/N2,"/ASBH-8""-FHS-408507-AS2/B01",SCBRAN
601,/ASBHA-V-4001,SCEQUI,/ASBHA-V-4001/N2,"/ASBH-8""-FHS-401503-AS2/B02",SCBRAN
603,/ASBHA-V-4001,SCEQUI,/ASBHA-V-4001/N2,"/ASBH-8""-FHS-401303-AS2/B01",SCBRAN
605,/ASBHA-V-4001,SCEQUI,/ASBHA-V-4001/N2,"/ASBH-14""-FHS-400002-AS2/B03",SCBRAN
607,/ASBHA-V-4001,SCEQUI,/ASBHA-V-4001/N1,"/ASBH-10""-FHS-404090-AD4/B01",SCBRAN
609,/ASBHA-V-4001,SCEQUI,/ASBHA-V-4001/N1,"/ASBH-10""-FHS-408503-AD4/B01",SCBRAN
611,/ASBHA-V-4001,SCEQUI,/ASBHA-V-4001/N1,"/ASBH-34""-FHS-400024-AD1/B01",SCBRAN
613,/ASBHA-V-4001,SCEQUI,/ASBHA-V-4001/N1,"/ASBH-34""-FHS-400010-AD1/B01",SCBRAN
615,/ASBHA-V-4001,SCEQUI,/ASBHA-V-4001/N1,"/ASBH-10""-FHS-400042-AD1/B01",SCBRAN
620,/ASBHA-V-4001,SCEQUI,/ASBHA-V-4001/N10,"/ASBH-2""-DPS-400410-BX1/B01",SCBRAN
622,/ASBHA-V-4001,SCEQUI,/ASBHA-V-4001/N2,"/ASBH-4""-FHS-400082-AS2/B01",SCBRAN
623,/ASBHA-V-4001,SCEQUI,/ASBHA-V-4001/N2,"/ASBH-8""-FHS-400038-AS2/B01",SCBRAN
625,/ASBHA-V-4001,SCEQUI,/ASBHA-V-4001/N2,"/ASBH-8""-FHS-400053-AS2/B01",SCBRAN
627,/ASBHA-V-4001,SCEQUI,/ASBHA-V-4001/N2,"/ASBH-8""-FHS-400071-AS2-P/B01",SCBRAN
630,/ASBHA-V-4001,SCEQUI,/ASBHA-V-4001/N2,"/ASBH-8""-FHS-401502-AS2/B01",SCBRAN
632,/ASBHA-V-4001,SCEQUI,/ASBHA-V-4001/N2,"/ASBH-8""-FHS-401302-AS2/B04",SCBRAN
634,/ASBHA-V-4001,SCEQUI,/ASBHA-V-4001/N2,"/ASBH-10""-FHS-400074-AS2/B01",SCBRAN
636,/ASBHA-V-4001,SCEQUI,/ASBHA-V-4001/N2,"/ASBH-8""-FHS-400073-AS2/B01",SCBRAN
638,/ASBHA-V-4001,SCEQUI,/ASBHA-V-4001/N1,"/ASBH-6""-FHS-401002-AD4/B01",SCBRAN
640,/ASBHA-V-4001,SCEQUI,/ASBHA-V-4001/N1,"/ASBH-6""-FHS-401202-AD4/B01",SCBRAN
642,/ASBHA-V-4001,SCEQUI,/ASBHA-V-4001/N1,"/ASBH-6""-FHS-401102-AD4/B01",SCBRAN
644,/ASBHA-V-4001,SCEQUI,/ASBHA-V-4001/N1,"/ASBH-6""-FHS-400702-AD4/B01",SCBRAN
646,/ASBHA-V-4001,SCEQUI,/ASBHA-V-4001/N1,"/ASBH-6""-FHS-403702-AD4/B02",SCBRAN
648,/ASBHA-V-4001,SCEQUI,/ASBHA-V-4001/N1,"/ASBH-34""-FHS-400001-AD4/B03",SCBRAN
650,/ASBHA-V-4001,SCEQUI,/ASBHA-V-4001/N1,"/ASBH-34""-FHS-400027-AD1/B01",SCBRAN
652,/ASBHA-V-4001,SCEQUI,/ASBHA-V-4001/N1,"/ASBH-18""-FHS-404091-AD4/B01",SCBRAN
654,/ASBHA-V-4001,SCEQUI,/ASBHA-V-4001/N1,"/ASBH-28""-FHS-400007-AD1/B01",SCBRAN
656,/ASBHA-V-4001,SCEQUI,/ASBHA-V-4001/N1,"/ASBH-28""-FHS-400006-AD1/B01",SCBRAN
658,/ASBHA-V-4001,SCEQUI,/ASBHA-V-4001/N1,"/ASBH-6""-FHS-400068-AD1/B01",SCBRAN
660,/ASBHA-V-4001,SCEQUI,/ASBHA-V-4001/N1,"/ASBH-8""-FHS-400070-AD1/B01",SCBRAN
663,/ASBHA-V-4001,SCEQUI,/ASBHA-V-4001/N10,"/ASBH-3""-DPS-400417-BX1/B01",SCBRAN
664,/ASBHA-V-4001,SCEQUI,/ASBHA-V-4001/N2,"/ASBH-4""-FHS-400084-AS2/B01",SCBRAN
666,/ASBHA-V-4001,SCEQUI,/ASBHA-V-4001/N2,"/ASBH-2""-FHS-400083-AS2/B01",SCBRAN
668,/ASBHA-V-4001,SCEQUI,/ASBHA-V-4001/N1,"/ASBH-6""-FHS-401103-AD4/B01",SCBRAN
670,/ASBHA-V-4001,SCEQUI,/ASBHA-V-4001/N2,"/ASBH-8""-FHS-401502-AS2/B03",SCBRAN
672,/ASBHA-V-4001,SCEQUI,/ASBHA-V-4001/N2,"/ASBH-8""-FHS-400073-AS2/B03",SCBRAN
674,/ASBHA-V-4001,SCEQUI,/ASBHA-V-4001/N1,"/ASBH-6""-FHS-401003-AD4/B01",SCBRAN
675,/ASBHA-V-4001,SCEQUI,/ASBHA-V-4001/N1,"/ASBH-6""-FHS-408502-AD4/B04",SCBRAN
676,/ASBHA-V-4001,SCEQUI,/ASBHA-V-4001/N1,"/ASBH-6""-FHS-401203-AD4/B01",SCBRAN
677,/ASBHA-V-4001,SCEQUI,/ASBHA-V-4001/N1,"/ASBH-6""-FHS-400903-AD4/B01",SCBRAN
678,/ASBHA-V-4001,SCEQUI,/ASBHA-V-4001/N1,"/ASBH-6""-FHS-400703-AD4/B01",SCBRAN
679,/ASBHA-V-4001,SCEQUI,/ASBHA-V-4001/N1,"/ASBH-6""-FHS-403703-AD4/B01",SCBRAN
680,/ASBHA-V-4001,SCEQUI,/ASBHA-V-4001/N1,"/ASBH-6""-FHS-408502-AD4/B03",SCBRAN
681,/ASBHA-V-4001,SCEQUI,/ASBHA-V-4001/N1,"/ASBH-20""-FHS-400036-AD4/B01",SCBRAN
683,/ASBHA-V-4001,SCEQUI,/ASBHA-V-4001/N1,"/ASBH-20""-FHS-400081-AD4/B01",SCBRAN
686,/ASBHA-V-4001,SCEQUI,/ASBHA-V-4001/N1,"/ASBH-6""-FHS-404057-AD1/B02",SCBRAN
688,/ASBHA-V-4001,SCEQUI,/ASBHA-V-4001/N1,"/ASBH-3""-FHS-400076-AD1/B01",SCBRAN
690,/ASBHA-V-4001,SCEQUI,/ASBHA-V-4001/N1,"/ASBH-8""-FHS-400070-AD1/B02",SCBRAN
692,/ASBHA-V-4001,SCEQUI,/ASBHA-V-4001/N10,"/ASBH-3""-DPS-400417-BX1/B07",SCBRAN
694,/ASBHA-V-4001,SCEQUI,/ASBHA-V-4001/N10,"/ASBH-3""-DPS-400417-BX1/B02",SCBRAN
696,/ASBHA-V-4001,SCEQUI,/ASBHA-V-4001/N10,"/ASBH-3""-DPS-400417-BX1/B06",SCBRAN
698,/ASBHA-V-4001,SCEQUI,/ASBHA-V-4001/N10,"/ASBH-3""-DPS-400417-BX1/B03",SCBRAN
702,/ASBHA-V-4001,SCEQUI,/ASBHA-V-4001/N10,"/ASBH-3""-DPS-400408-BX1/B01",SCBRAN
703,/ASBHA-V-4001,SCEQUI,/ASBHA-V-4001/N1,"/ASBH-6""-FHS-400009-AD4/B01",SCBRAN
704,/ASBHA-V-4001,SCEQUI,/ASBHA-V-4001/N1,"/ASBH-12""-FHS-400081-AD1/B01",SCBRAN
706,/ASBHA-V-4001,SCEQUI,/ASBHA-V-4001/N10,"/ASBH-3""-DPS-400408-BX1/B10",SCBRAN
708,/ASBHA-V-4001,SCEQUI,/ASBHA-V-4001/N10,"/ASBH-3""-DPS-400408-BX1/B04",SCBRAN
710,/ASBHA-V-4001,SCEQUI,/ASBHA-V-4001/N10,"/ASBH-3""-DPS-400408-BX1/B09",SCBRAN
712,/ASBHA-V-4001,SCEQUI,/ASBHA-V-4001/N10,"/ASBH-3""-DPS-400408-BX1/B05",SCBRAN
714,/ASBHA-V-4001,SCEQUI,/ASBHA-V-4001/N10,"/ASBH-2""-DPS-400411-BX1/B01",SCBRAN
716,/ASBHA-V-4001,SCEQUI,/ASBHA-V-4001/N10,"/ASBH-3""-DPS-400408-BX1/B02",SCBRAN
719,/ASBHA-FIL-5301,SCEQUI,/ASBHA-FIL-5301/N1,"/ASBH-36""-WS-530011-AR1/B06",SCBRAN
720,/ASBHA-FIL-5301,SCEQUI,/ASBHA-FIL-5301/N1,"/ASBH-36""-WS-534001-AR1/B01",SCBRAN
722,/ASBHA-FIL-5301,SCEQUI,/ASBHA-FIL-5301/N2,"/ASBH-36""-WS-534005-AR1/B02",SCBRAN
723,/ASBHA-FIL-5301,SCEQUI,/ASBHA-FIL-5301/N2,"/ASBH-36""-WS-534005-AR1/B01",SCBRAN
724,/ASBHA-FIL-5301,SCEQUI,/ASBHA-FIL-5301/N2,"/ASBH-36""-WS-534013-AR1/B01",SCBRAN
726,/ASBHA-FIL-5301,SCEQUI,/ASBHA-FIL-5301/N2,"/ASBH-36""-WS-534013-AR1/B02",SCBRAN
729,/ASBHA-P-3504,SCEQUI,/ASBHA-P-3504/N2,"/ASBH-14""-CY-355122-AR1/B01",SCBRAN
730,/ASBHA-P-3504,SCEQUI,/ASBHA-P-3504/N2,"/ASBH-3""-CY-355116-AR1/B01",SCBRAN
731,/ASBHA-P-3504,SCEQUI,/ASBHA-P-3504/N1,"/ASBH-14""-CY-355121-AR1/B02",SCBRAN
732,/ASBHA-P-3504,SCEQUI,/ASBHA-P-3504/N1,"/ASBH-14""-CY-355121-AR1/B01",SCBRAN
734,/ASBHA-P-3504,SCEQUI,/ASBHA-P-3504/N2,"/ASBH-3""-CY-355116-AR1/B02",SCBRAN
737,/ASBHA-P-3504,SCEQUI,/ASBHA-P-3504/N2,"/ASBH-14""-CY-355015-AR1/B01",SCBRAN
740,/ASBHA-P-3513,SCEQUI,/ASBHA-P-3513/N1,"/ASBH-20""-WI-350032-FD1/B01",SCBRAN
741,/ASBHA-EP-3837,SCEQUI,/ASBHA-EP-3837/N2,"/ASBH-18""-GPS-383704-AD5/B01",SCBRAN
742,/ASBHA-EP-3837,SCEQUI,/ASBHA-EP-3837/N6,"/ASBH-3""-GPS-383702-AD4/B01",SCBRAN
743,/ASBHA-EP-3837,SCEQUI,/ASBHA-EP-3837/N9,"/ASBH-4""-GPS-383703-AD4/B01",SCBRAN
744,/ASBHA-EP-3837,SCEQUI,/ASBHA-EP-3837/N3,"/ASBH-8""-GPS-383701-AD4/B01",SCBRAN
745,/ASBHA-EP-3837,SCEQUI,/ASBHA-EP-3837/N4,"/ASBH-2""-GPS-380063-AD1/B01",SCBRAN
746,/ASBHA-EP-3837,SCEQUI,/ASBHA-EP-3837/N2,"/ASBH-12""-GPS-383713-AD5/B01",SCBRAN
749,/ASBHA-EP-3837,SCEQUI,/ASBHA-EP-3837/N6,"/ASBH-2""-GPS-384023-AD4/B01",SCBRAN
756,/ASBHA-EP-3837,SCEQUI,/ASBHA-EP-3837/N2,"/ASBH-12""-GPS-383713-AD5/B02",SCBRAN
758,/ASBHA-EP-3837,SCEQUI,/ASBHA-EP-3837/N3,"/ASBH-6""-GPS-380901-AD4/B01",SCBRAN
759,/ASBHA-EP-3837,SCEQUI,/ASBHA-EP-3837/N3,"/ASBH-8""-GPS-381001-AD4/B01",SCBRAN
760,/ASBHA-EP-3837,SCEQUI,/ASBHA-EP-3837/N3,"/ASBH-8""-GPS-381201-AD4/B01",SCBRAN
761,/ASBHA-EP-3837,SCEQUI,/ASBHA-EP-3837/N3,"/ASBH-8""-GPS-381101-AD4/B01",SCBRAN
762,/ASBHA-V-5412,SCEQUI,=1073780026/36092,"/ASBH-2""-AU-541013-AS1/B01",SCBRAN
764,/ASBHA-V-5412,SCEQUI,=1073780026/36092,"/ASBH-4""-AU-541013-AS1/B01",SCBRAN
766,/ASBHA-V-5412,SCEQUI,=1073780026/36092,"/ASBH-4""-AU-541013-AS1/B03",SCBRAN
768,/ASBHA-V-3521,SCEQUI,/ASBHA-V-3521/N6,"/ASBH-2""-WI-350027-AR1/B01",SCBRAN
769,/ASBHA-V-3521,SCEQUI,/ASBHA-V-3521/N5A,"/ASBH-2""-WI-350051-AR1/B01",SCBRAN
770,/ASBHA-V-3521,SCEQUI,/ASBHA-V-3521/N3B,"/ASBH-6""-WI-350026-AR1/B01",SCBRAN
771,/ASBHA-V-3521,SCEQUI,/ASBHA-V-3521/N3A,"/ASBH-6""-WI-359004-AR1/B01",SCBRAN
772,/ASBHA-V-3521,SCEQUI,/ASBHA-V-3521/N7,"/ASBH-22""-WI-350101-AR1/B01",SCBRAN
773,/ASBHA-V-3521,SCEQUI,/ASBHA-V-3521/N7,"/ASBH-12""-WI-350021-AR1/B01",SCBRAN
775,/ASBHA-V-3521,SCEQUI,/ASBHA-V-3521/N7,"/ASBH-12""-WI-350023-AR1/B01",SCBRAN
777,/ASBHA-V-3521,SCEQUI,/ASBHA-V-3521/N7,"/ASBH-12""-WI-350024-AR1/B01",SCBRAN
779,/ASBHA-V-3521,SCEQUI,/ASBHA-V-3521/N7,"/ASBH-12""-WI-350113-AR1/B01",SCBRAN
781,/ASBHA-V-3521,SCEQUI,/ASBHA-V-3521/N7,"/ASBH-12""-WI-350115-AR1/B01",SCBRAN
783,/ASBHA-EP-3820,SCEQUI,/ASBHA-EP-3820/N4,"/ASBH-2""-GPS-382006-ED1/B01",SCBRAN
784,/ASBHA-EP-3820,SCEQUI,/ASBHA-EP-3820/N6,"/ASBH-3""-GPS-382002-ED1-P/B01",SCBRAN
785,/ASBHA-EP-3820,SCEQUI,/ASBHA-EP-3820/N9,"/ASBH-2""-GPS-382003-ED1-P/B01",SCBRAN
786,/ASBHA-EP-3820,SCEQUI,/ASBHA-EP-3820/N2,"/ASBH-10""-GPS-382004-ED3-P/B01",SCBRAN
787,/ASBHA-EP-3820,SCEQUI,/ASBHA-EP-3820/N3,"/ASBH-4""-GPS-382001-ED1-P/B01",SCBRAN
788,/ASBHA-EP-3820,SCEQUI,/ASBHA-EP-3820/N6,"/ASBH-2""-GPS-384030-ED1/B01",SCBRAN
792,/ASBHA-EP-3820,SCEQUI,/ASBHA-EP-3820/N2,"/ASBH-8""-GPS-382013-ED3-P/B01",SCBRAN
794,/ASBHA-EP-3820,SCEQUI,/ASBHA-EP-3820/N3,"/ASBH-2""-GPS-384031-ED1/B01",SCBRAN
798,/ASBHA-C-5411,SCEQUI,/Copy-of-ASBHA-C-5401/N,"/ASBH-3""-AU-541011-AS1/B03",SCBRAN
799,/ASBHA-C-5401,SCEQUI,/ASBHA-C-5401/N,"/ASBH-4""-AU-541008-AS1/B03",SCBRAN
800,/ASBHA-C-5401,SCEQUI,=1073788218/17787,"/ASBH-3""-AI-541007-AS1/B01",SCBRAN
801,/ASBHA-C-5401,SCEQUI,=1073788218/17787,"/ASBH-3""-AI-541006-AS1/B01",SCBRAN
803,/ASBHA-C-5401,SCEQUI,/ASBHA-C-5401/N,"/ASBH-4""-AU-541008-AS1/B02",SCBRAN
806,/ASBHA-C-5401,SCEQUI,=1073788218/17787,"/ASBH-3""-AI-541005-AS1/B01",SCBRAN
809,/ASBHA-C-5401,SCEQUI,=1073788218/17787,"/ASBH-3""-AI-541006-AS1/B02",SCBRAN
812,/ASBHA-FIL-1003,SCEQUI,/ASBHA-FIL-5412/N,"/ASBH-1.5""-WS-101008-AR1/B01",SCBRAN
814,/ASBHA-V-3408,SCEQUI,/ASBHA-V-3408/N7,"/ASBH-2""-WOS-340161-BM1/B01",SCBRAN
815,/ASBHA-V-3408,SCEQUI,/ASBHA-V-3408/N2,"/ASBH-4""-WOS-340162-BM1/B01",SCBRAN
816,/ASBHA-V-3408,SCEQUI,/ASBHA-V-3408/N1,"/ASBH-4""-WOS-340165-BM1/B01",SCBRAN
817,/ASBHA-V-3408,SCEQUI,/ASBHA-V-3408/N6,"/ASBH-2""-DO-340794-BD1/B01",SCBRAN
818,/ASBHA-V-3408,SCEQUI,/ASBHA-V-3408/N3,"/ASBH-2""-WI-349002-BM1/B01",SCBRAN
821,/ASBHA-V-3408,SCEQUI,/ASBHA-V-3408/N2,"/ASBH-4""-WOS-340162-BM1/B08",SCBRAN
825,/ASBHA-V-3408,SCEQUI,/ASBHA-V-3408/N2,"/ASBH-4""-WOS-340162-BM1/B02",SCBRAN
827,/ASBHA-V-3408,SCEQUI,/ASBHA-V-3408/N2,"/ASBH-4""-WOS-340162-BM1/B06",SCBRAN
829,/ASBHA-V-3408,SCEQUI,/ASBHA-V-3408/N2,"/ASBH-4""-WOS-340162-BM1/B03",SCBRAN
832,/ASBHA-V-3408,SCEQUI,/ASBHA-V-3408/N3,"/ASBH-2""-WOS-340068-BM1/B01",SCBRAN
834,/ASBHA-V-3408,SCEQUI,/ASBHA-V-3408/N3,"/ASBH-2""-WOS-340068-BM1/B02",SCBRAN
836,/ASBHA-V-3408,SCEQUI,/ASBHA-V-3408/N3,"/ASBH-2""-WOS-340068-BM1/B03",SCBRAN
838,/ASBHA-V-3408,SCEQUI,/ASBHA-V-3408/N3,"/ASBH-2""-WOS-340160-BM1/B04",SCBRAN
839,/ASBHA-P-5001,SCEQUI,/ASBHA-P-5001/N2,"/ASBH-3""-DO-500408-AR1/B02",SCBRAN
840,/ASBHA-P-5001,SCEQUI,/ASBHA-P-5001/N2,"/ASBH-3""-DO-500408-AR1/B01",SCBRAN
841,/ASBHA-P-5001,SCEQUI,/ASBHA-P-5001/N2,"/ASBH-2""-DO-500409-AR1/B01",SCBRAN
843,/ASBHA-P-5001,SCEQUI,/ASBHA-P-5001/N2,"/ASBH-3""-DO-500407-AR1/B01",SCBRAN
846,/ASBHA-P-5001,SCEQUI,/ASBHA-P-5001/N1,"/ASBH-3""-DO-500405-AR1/B02",SCBRAN
847,/ASBHA-P-5001,SCEQUI,/ASBHA-P-5001/N1,"/ASBH-3""-DO-500405-AR1/B01",SCBRAN
848,/ASBHA-P-5001,SCEQUI,/ASBHA-P-5001/N1,"/ASBH-3""-DO-500406-AR1/B01",SCBRAN
850,/ASBHA-P-5001,SCEQUI,/ASBHA-P-5001/N1,"/ASBH-3""-DO-500405-AR1/B04",SCBRAN
852,/ASBHA-P-5001,SCEQUI,/ASBHA-P-5001/N1,"/ASBH-3""-DO-500405-AR1/B06",SCBRAN
854,/ASBHA-P-5001,SCEQUI,/ASBHA-P-5001/N1,"/ASBH-3""-DO-500405-AR1/B07",SCBRAN
858,/ASBHA-P-5001,SCEQUI,/ASBHA-P-5001/N2,"/ASBH-2""-DO-500410-AR1/B01",SCBRAN
859,/ASBHA-P-5001,SCEQUI,/ASBHA-P-5001/N2,"/ASBH-3""-DO-500407-AR1/B02",SCBRAN
861,/ASBHA-P-5001,SCEQUI,/ASBHA-P-5001/N2,"/ASBH-2""-DO-500209-AR1/B01",SCBRAN
864,/ASBHA-P-5001,SCEQUI,/ASBHA-P-5001/N1,"/ASBH-3""-DO-500406-AR1/B06",SCBRAN
866,/ASBHA-P-5001,SCEQUI,/ASBHA-P-5001/N1,"/ASBH-3""-DO-500406-AR1/B05",SCBRAN
868,/ASBHA-P-5001,SCEQUI,/ASBHA-P-5001/N1,"/ASBH-3""-DO-500406-AR1/B03",SCBRAN
872,/ASBHA-T-5001,SCEQUI,/ASBHA-T-5001/N10,"/ASBH-2""-DO-500412-AR1/B01",SCBRAN
873,/ASBHA-T-5001,SCEQUI,/ASBHA-T-5001/N13,"/ASBH-4""-DO-500294-AR1/B01",SCBRAN
874,/ASBHA-T-5001,SCEQUI,/ASBHA-T-5001/N5,"/ASBH-4""-DO-500292-AR1/B01",SCBRAN
875,/ASBHA-T-5001,SCEQUI,/ASBHA-T-5001/N2,"/ASBH-3""-DO-500405-AR1/B01",SCBRAN
876,/ASBHA-T-5001,SCEQUI,/ASBHA-T-5001/N3,"/ASBH-14""-DO-500291-AR1/B01",SCBRAN
877,/ASBHA-T-5001,SCEQUI,/ASBHA-T-5001/N7,"/ASBH-2""-DO-500410-AR1/B01",SCBRAN
878,/ASBHA-T-5001,SCEQUI,/ASBHA-T-5001/N4,"/ASBH-3""-FY-500297-AR1/B01",SCBRAN
879,/ASBHA-T-5001,SCEQUI,/ASBHA-T-5001/N1,"/ASBH-12""-DO-508500-AR1/B01",SCBRAN
880,/ASBHA-T-5001,SCEQUI,/ASBHA-T-5001/N13,"/ASBH-2""-DO-509822-AR1/B01",SCBRAN
882,/ASBHA-T-5001,SCEQUI,/ASBHA-T-5001/N13,"/ASBH-2""-DO-509823-AR1/B01",SCBRAN
885,/ASBHA-T-5001,SCEQUI,/ASBHA-T-5001/N2,"/ASBH-3""-DO-500405-AR1/B02",SCBRAN
887,/ASBHA-T-5001,SCEQUI,/ASBHA-T-5001/N2,"/ASBH-3""-DO-500406-AR1/B01",SCBRAN
889,/ASBHA-T-5001,SCEQUI,/ASBHA-T-5001/N2,"/ASBH-3""-DO-500405-AR1/B04",SCBRAN
891,/ASBHA-T-5001,SCEQUI,/ASBHA-T-5001/N2,"/ASBH-3""-DO-500405-AR1/B06",SCBRAN
893,/ASBHA-T-5001,SCEQUI,/ASBHA-T-5001/N2,"/ASBH-3""-DO-500405-AR1/B07",SCBRAN
897,/ASBHA-T-5001,SCEQUI,/ASBHA-T-5001/N7,"/ASBH-2""-DO-500409-AR1/B01",SCBRAN
899,/ASBHA-T-5001,SCEQUI,/ASBHA-T-5001/N1,"/ASBH-10""-DO-509451-AR1/B01",SCBRAN
901,/ASBHA-T-5001,SCEQUI,/ASBHA-T-5001/N1,"/ASBH-8""-DO-504151-AR1/B01",SCBRAN
903,/ASBHA-T-5001,SCEQUI,/ASBHA-T-5001/N1,"/ASBH-10""-DO-508504-AR1/B01",SCBRAN
905,/ASBHA-T-5001,SCEQUI,/ASBHA-T-5001/N1,"/ASBH-8""-DO-504150-AR1/B01",SCBRAN
908,/ASBHA-T-5001,SCEQUI,/ASBHA-T-5001/N1,"/ASBH-10""-DO-508514-AR1/B01",SCBRAN
910,/ASBHA-T-5001,SCEQUI,/ASBHA-T-5001/N1,"/ASBH-10""-DO-509110-AR1/B01",SCBRAN
913,/ASBHA-T-5001,SCEQUI,/ASBHA-T-5001/N2,"/ASBH-3""-DO-500406-AR1/B06",SCBRAN
915,/ASBHA-T-5001,SCEQUI,/ASBHA-T-5001/N2,"/ASBH-3""-DO-500406-AR1/B05",SCBRAN
917,/ASBHA-T-5001,SCEQUI,/ASBHA-T-5001/N2,"/ASBH-3""-DO-500406-AR1/B03",SCBRAN
921,/ASBHA-T-5001,SCEQUI,/ASBHA-T-5001/N7,"/ASBH-3""-DO-500408-AR1/B01",SCBRAN
922,/ASBHA-T-5001,SCEQUI,/ASBHA-T-5001/N1,"/ASBH-3""-DO-509431-AR1/B01",SCBRAN
924,/ASBHA-T-5001,SCEQUI,/ASBHA-T-5001/N1,"/ASBH-3""-DO-509406-AR1/B01",SCBRAN
926,/ASBHA-T-5001,SCEQUI,/ASBHA-T-5001/N1,"/ASBH-3""-DO-504522-AR1/B01",SCBRAN
928,/ASBHA-T-5001,SCEQUI,/ASBHA-T-5001/N1,"/ASBH-3""-DO-504515-AR1/B01",SCBRAN
930,/ASBHA-T-5001,SCEQUI,/ASBHA-T-5001/N1,"/ASBH-3""-DO-509407-AR1/B01",SCBRAN
933,/ASBHA-T-5001,SCEQUI,/ASBHA-T-5001/N1,"/ASBH-3""-DO-509435-AR1/B01",SCBRAN
935,/ASBHA-T-5001,SCEQUI,/ASBHA-T-5001/N1,"/ASBH-3""-DO-504518-AR1/B01",SCBRAN
937,/ASBHA-T-5001,SCEQUI,/ASBHA-T-5001/N1,"/ASBH-3""-DO-509409-AR1/B01",SCBRAN
939,/ASBHA-T-5001,SCEQUI,/ASBHA-T-5001/N1,"/ASBH-3""-DO-509437-AR1/B01",SCBRAN
941,/ASBHA-T-5001,SCEQUI,/ASBHA-T-5001/N1,"/ASBH-10""-DO-504536-AR1/B01",SCBRAN
943,/ASBHA-T-5001,SCEQUI,/ASBHA-T-5001/N1,"/ASBH-10""-DO-509451-AR1/B02",SCBRAN
946,/ASBHA-T-5001,SCEQUI,/ASBHA-T-5001/N1,"/ASBH-10""-DO-509451-AR1/B04",SCBRAN
949,/ASBHA-T-5001,SCEQUI,/ASBHA-T-5001/N1,"/ASBH-3""-DO-509334-AR1/B01",SCBRAN
951,/ASBHA-T-5001,SCEQUI,/ASBHA-T-5001/N1,"/ASBH-3""-DO-509270-AR1/B01",SCBRAN
953,/ASBHA-T-5001,SCEQUI,/ASBHA-T-5001/N1,"/ASBH-3""-DO-509290-AR1/B02",SCBRAN
955,/ASBHA-T-5001,SCEQUI,/ASBHA-T-5001/N1,"/ASBH-3""-DO-509272-AR1/B01",SCBRAN
957,/ASBHA-T-5001,SCEQUI,/ASBHA-T-5001/N1,"/ASBH-8""-DO-504151-AR1/B02",SCBRAN
960,/ASBHA-T-5001,SCEQUI,/ASBHA-T-5001/N1,"/ASBH-8""-DO-504151-AR1/B04",SCBRAN
963,/ASBHA-T-5001,SCEQUI,/ASBHA-T-5001/N1,"/ASBH-3""-DO-505124-AR1/B01",SCBRAN
965,/ASBHA-T-5001,SCEQUI,/ASBHA-T-5001/N1,"/ASBH-3""-DO-509328-AR1/B01",SCBRAN
967,/ASBHA-T-5001,SCEQUI,/ASBHA-T-5001/N1,"/ASBH-3""-DO-509223-AR1/B01",SCBRAN
969,/ASBHA-T-5001,SCEQUI,/ASBHA-T-5001/N1,"/ASBH-10""-DO-508504-AR1/B02",SCBRAN
971,/ASBHA-T-5001,SCEQUI,/ASBHA-T-5001/N1,"/ASBH-3""-DO-509260-AR1/B01",SCBRAN
973,/ASBHA-T-5001,SCEQUI,/ASBHA-T-5001/N1,"/ASBH-3""-DO-509235-AR1/B01",SCBRAN
975,/ASBHA-T-5001,SCEQUI,/ASBHA-T-5001/N1,"/ASBH-3""-DO-509222-AR1/B01",SCBRAN
977,/ASBHA-T-5001,SCEQUI,/ASBHA-T-5001/N1,"/ASBH-3""-DO-509219-AR1/B01",SCBRAN
979,/ASBHA-T-5001,SCEQUI,/ASBHA-T-5001/N1,"/ASBH-8""-DO-509286-AR1/B01",SCBRAN
981,/ASBHA-T-5001,SCEQUI,/ASBHA-T-5001/N1,"/ASBH-10""-DO-508504-AR1/B03",SCBRAN
984,/ASBHA-T-5001,SCEQUI,/ASBHA-T-5001/N1,"/ASBH-10""-DO-508504-AR1/B05",SCBRAN
986,/ASBHA-T-5001,SCEQUI,/ASBHA-T-5001/N1,"/ASBH-10""-DO-508504-AR1/B04",SCBRAN
989,/ASBHA-T-5001,SCEQUI,/ASBHA-T-5001/N1,"/ASBH-8""-DO-504314-AR1/B01",SCBRAN
991,/ASBHA-T-5001,SCEQUI,/ASBHA-T-5001/N1,"/ASBH-3""-DO-509625-AR1/B01",SCBRAN
993,/ASBHA-T-5001,SCEQUI,/ASBHA-T-5001/N1,"/ASBH-3""-DO-509803-AR1/B01",SCBRAN
995,/ASBHA-T-5001,SCEQUI,/ASBHA-T-5001/N1,"/ASBH-3""-DO-505102-AR1/B01",SCBRAN
998,/ASBHA-T-5001,SCEQUI,/ASBHA-T-5001/N1,"/ASBH-3""-DO-505104-AR1/B01",SCBRAN
1000,/ASBHA-T-5001,SCEQUI,/ASBHA-T-5001/N1,"/ASBH-3""-DO-509627-AR1/B01",SCBRAN
1002,/ASBHA-T-5001,SCEQUI,/ASBHA-T-5001/N1,"/ASBH-3""-DO-501206-AR1/B02",SCBRAN
1004,/ASBHA-T-5001,SCEQUI,/ASBHA-T-5001/N1,"/ASBH-4""-DO-504120-AR1/B01",SCBRAN
1006,/ASBHA-T-5001,SCEQUI,/ASBHA-T-5001/N1,"/ASBH-3""-DO-509797-AR1/B01",SCBRAN
1008,/ASBHA-T-5001,SCEQUI,/ASBHA-T-5001/N1,"/ASBH-8""-DO-504150-AR1/B03",SCBRAN
1011,/ASBHA-T-5001,SCEQUI,/ASBHA-T-5001/N1,"/ASBH-8""-DO-504150-AR1/B04",SCBRAN
1015,/ASBHA-T-5001,SCEQUI,/ASBHA-T-5001/N1,"/ASBH-10""-DO-509508-AR1/B01",SCBRAN
1016,/ASBHA-T-5001,SCEQUI,/ASBHA-T-5001/N1,"/ASBH-3""-DO-501206-AR1/B03",SCBRAN
1017,/ASBHA-T-5001,SCEQUI,/ASBHA-T-5001/N7,"/ASBH-3""-DO-500408-AR1/B02",SCBRAN
1019,/ASBHA-T-5001,SCEQUI,/ASBHA-T-5001/N7,"/ASBH-3""-DO-500407-AR1/B01",SCBRAN
1023,/ASBHA-T-5001,SCEQUI,/ASBHA-T-5001/N1,"/ASBH-3""-DO-504510-AR1/B01",SCBRAN
1025,/ASBHA-T-5001,SCEQUI,/ASBHA-T-5001/N1,"/ASBH-3""-DO-504509-AR1/B01",SCBRAN
1027,/ASBHA-T-5001,SCEQUI,/ASBHA-T-5001/N1,"/ASBH-3""-DO-504512-AR1/B01",SCBRAN
1029,/ASBHA-T-5001,SCEQUI,/ASBHA-T-5001/N1,"/ASBH-3""-DO-504521-AR1/B01",SCBRAN
1031,/ASBHA-T-5001,SCEQUI,/ASBHA-T-5001/N1,"/ASBH-3""-DO-504523-AR1/B01",SCBRAN
1033,/ASBHA-T-5001,SCEQUI,/ASBHA-T-5001/N1,"/ASBH-3""-DO-504514-AR1/B01",SCBRAN
1035,/ASBHA-T-5001,SCEQUI,/ASBHA-T-5001/N1,"/ASBH-3""-DO-504513-AR1/B01",SCBRAN
1037,/ASBHA-T-5001,SCEQUI,/ASBHA-T-5001/N1,"/ASBH-8""-DO-504517-AR1/B01",SCBRAN
1039,/ASBHA-T-5001,SCEQUI,/ASBHA-T-5001/N1,"/ASBH-3""-DO-504553-AR1/B01",SCBRAN
1041,/ASBHA-T-5001,SCEQUI,/ASBHA-T-5001/N1,"/ASBH-3""-DO-504555-AR1/B01",SCBRAN
1043,/ASBHA-T-5001,SCEQUI,/ASBHA-T-5001/N1,"/ASBH-4""-DO-504537-AR1/B01",SCBRAN
1045,/ASBHA-T-5001,SCEQUI,/ASBHA-T-5001/N1,"/ASBH-3""-DO-504551-AR1/B01",SCBRAN
1047,/ASBHA-T-5001,SCEQUI,/ASBHA-T-5001/N1,"/ASBH-3""-DO-509404-AR1/B01",SCBRAN
1050,/ASBHA-T-5001,SCEQUI,/ASBHA-T-5001/N1,"/ASBH-10""-DO-504536-AR1/B02",SCBRAN
1053,/ASBHA-T-5001,SCEQUI,/ASBHA-T-5001/N1,"/ASBH-3""-DO-509332-AR1/B01",SCBRAN
1055,/ASBHA-T-5001,SCEQUI,/ASBHA-T-5001/N1,"/ASBH-3""-DO-505121-AR1/B01",SCBRAN
1057,/ASBHA-T-5001,SCEQUI,/ASBHA-T-5001/N1,"/ASBH-3""-DO-509314-AR1/B01",SCBRAN
1059,/ASBHA-T-5001,SCEQUI,/ASBHA-T-5001/N1,"/ASBH-3""-DO-509312-AR1/B01",SCBRAN
1061,/ASBHA-T-5001,SCEQUI,/ASBHA-T-5001/N1,"/ASBH-3""-DO-509310-AR1/B01",SCBRAN
1063,/ASBHA-T-5001,SCEQUI,/ASBHA-T-5001/N1,"/ASBH-3""-DO-509308-AR1/B01",SCBRAN
1065,/ASBHA-T-5001,SCEQUI,/ASBHA-T-5001/N1,"/ASBH-3""-DO-505125-AR1/B01",SCBRAN
1067,/ASBHA-T-5001,SCEQUI,/ASBHA-T-5001/N1,"/ASBH-3""-DO-509250-AR1/B01",SCBRAN
1070,/ASBHA-T-5001,SCEQUI,/ASBHA-T-5001/N1,"/ASBH-3""-DO-509221-AR1/B01",SCBRAN
1072,/ASBHA-T-5001,SCEQUI,/ASBHA-T-5001/N1,"/ASBH-3""-DO-509238-AR1/B01",SCBRAN
1074,/ASBHA-T-5001,SCEQUI,/ASBHA-T-5001/N1,"/ASBH-3""-DO-509242-AR1/B01",SCBRAN
1076,/ASBHA-T-5001,SCEQUI,/ASBHA-T-5001/N1,"/ASBH-8""-DO-505061-AR1/B01",SCBRAN
1078,/ASBHA-T-5001,SCEQUI,/ASBHA-T-5001/N1,"/ASBH-8""-DO-509274-AR1/B01",SCBRAN
1080,/ASBHA-T-5001,SCEQUI,/ASBHA-T-5001/N1,"/ASBH-3""-DO-509316-AR1/B01",SCBRAN
1082,/ASBHA-T-5001,SCEQUI,/ASBHA-T-5001/N1,"/ASBH-3""-DO-509276-AR1/B01",SCBRAN
1084,/ASBHA-T-5001,SCEQUI,/ASBHA-T-5001/N1,"/ASBH-3""-DO-509292-AR1/B01",SCBRAN
1086,/ASBHA-T-5001,SCEQUI,/ASBHA-T-5001/N1,"/ASBH-3""-DO-509294-AR1/B01",SCBRAN
1088,/ASBHA-T-5001,SCEQUI,/ASBHA-T-5001/N1,"/ASBH-3""-DO-509264-AR1/B01",SCBRAN
1090,/ASBHA-T-5001,SCEQUI,/ASBHA-T-5001/N1,"/ASBH-3""-DO-504315-AR1/B01",SCBRAN
1094,/ASBHA-T-5001,SCEQUI,/ASBHA-T-5001/N1,"/ASBH-3""-DO-504320-AR1/B01",SCBRAN
1096,/ASBHA-T-5001,SCEQUI,/ASBHA-T-5001/N1,"/ASBH-3""-DO-504324-AR1/B01",SCBRAN
1098,/ASBHA-T-5001,SCEQUI,/ASBHA-T-5001/N1,"/ASBH-3""-DO-505062-AR1/B01",SCBRAN
1100,/ASBHA-T-5001,SCEQUI,/ASBHA-T-5001/N1,"/ASBH-8""-DO-504152-AR1/B01",SCBRAN
1102,/ASBHA-T-5001,SCEQUI,/ASBHA-T-5001/N1,"/ASBH-8""-DO-508501-AR1/B03",SCBRAN
1105,/ASBHA-T-5001,SCEQUI,/ASBHA-T-5001/N1,"/ASBH-10""-DO-509508-AR1/B03",SCBRAN
1107,/ASBHA-T-5001,SCEQUI,/ASBHA-T-5001/N7,"/ASBH-3""-DO-500407-AR1/B02",SCBRAN
1109,/ASBHA-T-5001,SCEQUI,/ASBHA-T-5001/N7,"/ASBH-2""-DO-500209-AR1/B01",SCBRAN
1113,/ASBHA-T-5001,SCEQUI,/ASBHA-T-5001/N1,"/ASBH-3""-DO-504850-AR1/B01",SCBRAN
1115,/ASBHA-T-5001,SCEQUI,/ASBHA-T-5001/N1,"/ASBH-3""-DO-509343-AR1/B01",SCBRAN
1118,/ASBHA-T-5001,SCEQUI,/ASBHA-T-5001/N1,"/ASBH-3""-DO-509347-AR1/B01",SCBRAN
1120,/ASBHA-T-5001,SCEQUI,/ASBHA-T-5001/N1,"/ASBH-3""-DO-509349-AR1/B01",SCBRAN
1122,/ASBHA-T-5001,SCEQUI,/ASBHA-T-5001/N1,"/ASBH-3""-DO-504554-AR1/B01",SCBRAN
1124,/ASBHA-T-5001,SCEQUI,/ASBHA-T-5001/N1,"/ASBH-3""-DO-504531-AR1/B01",SCBRAN
1126,/ASBHA-T-5001,SCEQUI,/ASBHA-T-5001/N1,"/ASBH-3""-DO-509446-AR1/B01",SCBRAN
1128,/ASBHA-T-5001,SCEQUI,/ASBHA-T-5001/N1,"/ASBH-3""-DO-509280-AR1/B01",SCBRAN
1130,/ASBHA-T-5001,SCEQUI,/ASBHA-T-5001/N1,"/ASBH-3""-DO-504124-AR1/B01",SCBRAN
1132,/ASBHA-T-5001,SCEQUI,/ASBHA-T-5001/N1,"/ASBH-3""-DO-504319-AR1/B01",SCBRAN
1134,/ASBHA-T-5001,SCEQUI,/ASBHA-T-5001/N1,"/ASBH-3""-DO-504321-AR1/B01",SCBRAN
1136,/ASBHA-T-5001,SCEQUI,/ASBHA-T-5001/N1,"/ASBH-3""-DO-509548-AR1/B01",SCBRAN
1138,/ASBHA-T-5001,SCEQUI,/ASBHA-T-5001/N1,"/ASBH-3""-DO-509534-AR1/B01",SCBRAN
1144,/ASBHA-T-5001,SCEQUI,/ASBHA-T-5001/N1,"/ASBH-8""-DO-504152-AR1/B02",SCBRAN
1146,/ASBHA-T-5001,SCEQUI,/ASBHA-T-5001/N1,"/ASBH-3""-DO-500706-AR1/B01",SCBRAN
1148,/ASBHA-T-5001,SCEQUI,/ASBHA-T-5001/N1,"/ASBH-3""-DO-500906-AR1/B01",SCBRAN
1154,/ASBHA-T-5001,SCEQUI,/ASBHA-T-5001/N1,"/ASBH-8""-DO-504152-AR1/B03",SCBRAN
1156,/ASBHA-T-5001,SCEQUI,/ASBHA-T-5001/N1,"/ASBH-3""-DO-509574-AR1/B01",SCBRAN
1161,/ASBHA-T-5001,SCEQUI,/ASBHA-T-5001/N1,"/ASBH-3""-DO-500069-AR1/B01",SCBRAN
1170,/ASBHA-T-5001,SCEQUI,/ASBHA-T-5001/N1,"/ASBH-8""-DO-508501-AR1/B02",SCBRAN
1171,/ASBHA-P-3922,SCEQUI,/ASBHA-P-3922/N2,"/ASBH-1""-CI-392027-IT1/B01",SCBRAN
1172,/ASBHA-P-3922,SCEQUI,/ASBHA-P-3922/N2,"/ASBH-1""-CI-392027-IT1/B05",SCBRAN
1173,/ASBHA-P-3922,SCEQUI,/ASBHA-P-3922/N2,"/ASBH-0.75""-CI-392024-IT1/B01",SCBRAN
1175,/ASBHA-P-3922,SCEQUI,/ASBHA-P-3922/N2,"/ASBH-1""-CI-392253-IT1/B01",SCBRAN
1176,/ASBHA-P-3922,SCEQUI,/ASBHA-P-3922/N2,"/ASBH-0.5""-CI-392025-IT1/B09",SCBRAN
1177,/ASBHA-P-3922,SCEQUI,/ASBHA-P-3922/N2,"/ASBH-0.5""-CI-392025-IT1/B07",SCBRAN
1178,/ASBHA-T-3907,SCEQUI,/ASBHA-T-3907/N1,"/ASBH-2""-CF-390007-AS1/B01",SCBRAN
1179,/ASBHA-T-3907,SCEQUI,/ASBHA-T-3907/N5,"/ASBH-3""-CI-390032-AS1/B01",SCBRAN
1180,/ASBHA-T-3907,SCEQUI,/ASBHA-T-3907/N4,"/ASBH-0.5""-CI-392086-IT1/B01",SCBRAN
1181,/ASBHA-T-3907,SCEQUI,/ASBHA-T-3907/N5,"/ASBH-3""-CI-390032-AS1/B02",SCBRAN
1183,/ASBHA-T-3907,SCEQUI,/ASBHA-T-3907/N4,"/ASBH-0.5""-CI-392094-IT1/B01",SCBRAN
1185,/ASBHA-T-3907,SCEQUI,/ASBHA-T-3907/N4,"/ASBH-0.5""-CI-392090-IT1/B01",SCBRAN
1186,/ASBHA-EP-3818,SCEQUI,/ASBHA-EP-3818/N4,"/ASBH-2""-GPS-381806-ED1/B01",SCBRAN
1187,/ASBHA-EP-3818,SCEQUI,/ASBHA-EP-3818/N6,"/ASBH-3""-GPS-381802-ED1-P/B01",SCBRAN
1188,/ASBHA-EP-3818,SCEQUI,/ASBHA-EP-3818/N9,"/ASBH-2""-GPS-381803-ED1-P/B01",SCBRAN
1189,/ASBHA-EP-3818,SCEQUI,/ASBHA-EP-3818/N2,"/ASBH-6""-GPS-381804-ED3-P/B01",SCBRAN
1190,/ASBHA-EP-3818,SCEQUI,/ASBHA-EP-3818/N3,"/ASBH-2""-GPS-381801-ED1-P/B01",SCBRAN
1191,/ASBHA-EP-3818,SCEQUI,/ASBHA-EP-3818/N6,"/ASBH-2""-GPS-384026-ED1/B01",SCBRAN
1195,/ASBHA-EP-3818,SCEQUI,/ASBHA-EP-3818/N2,"/ASBH-6""-GPS-381813-ED3-P/B01",SCBRAN
1198,/ASBHA-EP-3818,SCEQUI,/ASBHA-EP-3818/N3,"/ASBH-2""-GPS-384027-ED1/B01",SCBRAN
1203,/ASBHA-T-3903,SCEQUI,/ASBHA-T-3903/N1,"/ASBH-2""-CD-390003-AS1/B01",SCBRAN
1204,/ASBHA-T-3903,SCEQUI,/ASBHA-T-3903/N5,"/ASBH-3""-CI-390028-AS1/B01",SCBRAN
1205,/ASBHA-T-3903,SCEQUI,/ASBHA-T-3903/N4,"/ASBH-0.5""-CI-392032-IT1/B01",SCBRAN
1206,/ASBHA-T-3903,SCEQUI,/ASBHA-T-3903/N2,"/ASBH-1""-CI-392033-IT1/B01",SCBRAN
1207,/ASBHA-T-3903,SCEQUI,/ASBHA-T-3903/N4,"/ASBH-0.5""-CI-392040-IT1/B01",SCBRAN
1209,/ASBHA-T-3903,SCEQUI,/ASBHA-T-3903/N2,"/ASBH-1""-CI-392033-IT1/B02",SCBRAN
1211,/ASBHA-T-3903,SCEQUI,/ASBHA-T-3903/N2,"/ASBH-1""-CI-392033-IT1/B03",SCBRAN
1216,/ASBHA-T-3903,SCEQUI,/ASBHA-T-3903/N2,"/ASBH-0.5""-CI-392037-IT1/B01",SCBRAN
1218,/ASBHA-T-3903,SCEQUI,/ASBHA-T-3903/N2,"/ASBH-1""-CI-392033-IT1/B04",SCBRAN
1220,/ASBHA-T-3903,SCEQUI,/ASBHA-T-3903/N2,"/ASBH-1""-CI-392033-IT1/B05",SCBRAN
1224,/ASBHA-T-3903,SCEQUI,/ASBHA-T-3903/N2,"/ASBH-0.5""-CI-392121-IT1/B01",SCBRAN
1225,/ASBHA-T-3902,SCEQUI,/ASBHA-T-3902/N1,"/ASBH-2""-CB-390002-AS1/B01",SCBRAN
1226,/ASBHA-T-3902,SCEQUI,/ASBHA-T-3902/N5,"/ASBH-3""-CI-390097-AS1/B01",SCBRAN
1227,/ASBHA-T-3902,SCEQUI,/ASBHA-T-3902/N4,"/ASBH-1""-CI-392253-IT1/B01",SCBRAN
1228,/ASBHA-T-3902,SCEQUI,/ASBHA-T-3902/N2,"/ASBH-1""-CI-392018-IT1/B07",SCBRAN
1229,/ASBHA-T-3902,SCEQUI,/ASBHA-T-3902/N4,"/ASBH-0.75""-CI-392024-IT1/B01",SCBRAN
1231,/ASBHA-T-3902,SCEQUI,/ASBHA-T-3902/N4,"/ASBH-1""-CI-392122-IT1/B01",SCBRAN
1232,/ASBHA-EP-3817,SCEQUI,/ASBHA-EP-3817/N4,"/ASBH-2""-GPS-381706-ED1/B01",SCBRAN
1233,/ASBHA-EP-3817,SCEQUI,/ASBHA-EP-3817/N6,"/ASBH-3""-GPS-381702-ED1-P/B01",SCBRAN
1234,/ASBHA-EP-3817,SCEQUI,/ASBHA-EP-3817/N2,"/ASBH-6""-GPS-381704-ED3-P/B01",SCBRAN
1235,/ASBHA-EP-3817,SCEQUI,/ASBHA-EP-3817/N3,"/ASBH-2""-GPS-381701-ED1-P/B01",SCBRAN
1236,/ASBHA-EP-3817,SCEQUI,/ASBHA-EP-3817/N6,"/ASBH-2""-GPS-384024-ED1/B01",SCBRAN
1240,/ASBHA-EP-3817,SCEQUI,/ASBHA-EP-3817/N3,"/ASBH-2""-GPS-381703-ED1-P/B01",SCBRAN
1242,/ASBHA-T-3905,SCEQUI,/ASBHA-T-3905/N1,"/ASBH-2""-CI-390005-AS1/B01",SCBRAN
1243,/ASBHA-T-3905,SCEQUI,/ASBHA-T-3905/N5,"/ASBH-3""-CI-390030-AS1/B01",SCBRAN
1244,/ASBHA-T-3905,SCEQUI,/ASBHA-T-3905/N4,"/ASBH-0.5""-CI-392058-IT1/B01",SCBRAN
1245,/ASBHA-T-3905,SCEQUI,/ASBHA-T-3905/N2,"/ASBH-1""-CI-392059-IT1/B01",SCBRAN
1246,/ASBHA-T-3905,SCEQUI,/ASBHA-T-3905/N2,"/ASBH-0.5""-CI-392062-IT1/B01",SCBRAN
1248,/ASBHA-T-3905,SCEQUI,/ASBHA-T-3905/N2,"/ASBH-0.5""-CI-392064-IT1/B01",SCBRAN
1249,/ASBHA-T-3905,SCEQUI,/ASBHA-T-3905/N4,"/ASBH-0.5""-CI-392066-IT1/B02",SCBRAN
1250,/ASBHA-T-3905,SCEQUI,/ASBHA-T-3905/N4,"/ASBH-0.5""-CI-392066-IT1/B01",SCBRAN
1252,/ASBHA-T-3905,SCEQUI,/ASBHA-T-3905/N4,"/ASBH-0.5""-CI-392065-IT1/B01",SCBRAN
1253,/ASBHA-T-3905,SCEQUI,/ASBHA-T-3905/N2,"/ASBH-1""-CI-392059-IT1/B02",SCBRAN
1254,/ASBHA-T-3905,SCEQUI,/ASBHA-T-3905/N2,"/ASBH-0.75""-CI-392063-IT1/B01",SCBRAN
1255,/ASBHA-T-3905,SCEQUI,/ASBHA-T-3905/N2,"/ASBH-1""-CI-392060-IT1/B01",SCBRAN
1256,/ASBHA-T-3905,SCEQUI,/ASBHA-T-3905/N2,"/ASBH-1""-CI-392060-IT1/B02",SCBRAN
1258,/ASBHA-T-3905,SCEQUI,/ASBHA-T-3905/N2,"/ASBH-1""-CI-392060-IT1/B03",SCBRAN
1260,/ASBHA-T-3905,SCEQUI,/ASBHA-T-3905/N2,"/ASBH-0.75""-CI-392057-IT1/B01",SCBRAN
1261,/ASBHA-T-3905,SCEQUI,/ASBHA-T-3905/N2,"/ASBH-0.5""-CI-392064-IT1/B04",SCBRAN
1263,/ASBHA-T-3905,SCEQUI,/ASBHA-T-3905/N2,"/ASBH-0.5""-CI-392064-IT1/B03",SCBRAN
1265,/ASBHA-T-3905,SCEQUI,/ASBHA-T-3905/N2,"/ASBH-0.5""-CI-392064-IT1/B02",SCBRAN
1269,/ASBHA-T-3905,SCEQUI,/ASBHA-T-3905/N4,"/ASBH-0.5""-CI-392067-IT1/B01",SCBRAN
1270,/ASBHA-T-3905,SCEQUI,/ASBHA-T-3905/N4,"/ASBH-0.5""-CI-392067-IT1/B02",SCBRAN
1272,/ASBHA-T-3913,SCEQUI,/ASBHA-T-3913/N2,"/ASBH-1.5""-CY-392240-AH1/B01",SCBRAN
1273,/ASBHA-T-3913,SCEQUI,/ASBHA-T-3913/N2,"/ASBH-1.5""-CY-392241-AH1/B01",SCBRAN
1274,/ASBHA-P-4002,SCEQUI,/ASBHA-P-4002/N2,"/ASBH-3""-DPS-400417-BX1/B01",SCBRAN
1275,/ASBHA-P-4002,SCEQUI,/ASBHA-P-4002/N1,"/ASBH-6""-DPS-400403-BX1/B02",SCBRAN
1276,/ASBHA-P-4002,SCEQUI,/ASBHA-P-4002/N2,"/ASBH-3""-DPS-400417-BX1/B07",SCBRAN
1278,/ASBHA-P-4002,SCEQUI,/ASBHA-P-4002/N2,"/ASBH-3""-DPS-400417-BX1/B02",SCBRAN
1280,/ASBHA-P-4002,SCEQUI,/ASBHA-P-4002/N2,"/ASBH-3""-DPS-400417-BX1/B06",SCBRAN
1282,/ASBHA-P-4002,SCEQUI,/ASBHA-P-4002/N2,"/ASBH-3""-DPS-400417-BX1/B03",SCBRAN
1284,/ASBHA-P-4002,SCEQUI,/ASBHA-P-4002/N2,"/ASBH-2""-DPS-400410-BX1/B01",SCBRAN
1287,/ASBHA-P-4002,SCEQUI,/ASBHA-P-4002/N2,"/ASBH-3""-DPS-400408-BX1/B01",SCBRAN
1288,/ASBHA-P-4002,SCEQUI,/ASBHA-P-4002/N1,"/ASBH-6""-DPS-400403-BX1/B01",SCBRAN
1291,/ASBHA-P-4002,SCEQUI,/ASBHA-P-4002/N1,"/ASBH-6""-DPS-400407-BX1/B06",SCBRAN
1293,/ASBHA-P-4002,SCEQUI,/ASBHA-P-4002/N2,"/ASBH-2""-DPS-400413-AX1/B01",SCBRAN
1294,/ASBHA-P-4002,SCEQUI,/ASBHA-P-4002/N2,"/ASBH-3""-DPS-400408-BX1/B10",SCBRAN
1296,/ASBHA-P-4002,SCEQUI,/ASBHA-P-4002/N2,"/ASBH-3""-DPS-400408-BX1/B04",SCBRAN
1298,/ASBHA-P-4002,SCEQUI,/ASBHA-P-4002/N2,"/ASBH-3""-DPS-400408-BX1/B09",SCBRAN
1300,/ASBHA-P-4002,SCEQUI,/ASBHA-P-4002/N2,"/ASBH-3""-DPS-400408-BX1/B05",SCBRAN
1302,/ASBHA-P-4002,SCEQUI,/ASBHA-P-4002/N2,"/ASBH-2""-DPS-400411-BX1/B01",SCBRAN
1304,/ASBHA-P-4002,SCEQUI,/ASBHA-P-4002/N2,"/ASBH-3""-DPS-400408-BX1/B02",SCBRAN
1308,/ASBHA-T-3501,SCEQUI,=1073780026/14699,/ASBH-Unset-WI-355071-FD1/B01,SCBRAN
1309,/ASBHA-T-3501,SCEQUI,=1073763642/111937,"/ASBH-8""-WI-355058-FD1/B01",SCBRAN
1310,/ASBHA-T-3501,SCEQUI,=1073763642/111943,"/ASBH-2""-WI-355062-FD1/B01",SCBRAN
1311,/ASBHA-T-3501,SCEQUI,=1073763642/111945,"/ASBH-2""-WI-355064-FD1/B01",SCBRAN
1312,/ASBHA-T-3501,SCEQUI,=1073763642/111947,"/ASBH-1""-WI-355066-FD1/B01",SCBRAN
1313,/ASBHA-T-3501,SCEQUI,=1073763642/111963,"/ASBH-3""-WI-355074-FD1/B01",SCBRAN
1314,/ASBHA-T-3501,SCEQUI,=1073763642/111971,"/ASBH-2""-WI-355079-FD1/B01",SCBRAN
1315,/ASBHA-T-3501,SCEQUI,=1073763642/111973,"/ASBH-2""-WI-355080-FD1/B01",SCBRAN
1316,/ASBHA-T-3501,SCEQUI,=1073763642/111971,"/ASBH-2""-WI-355081-FD1/B01",SCBRAN
1317,/ASBHA-T-3501,SCEQUI,=1073763642/111937,"/ASBH-8""-WI-355058-FD1/B02",SCBRAN
1320,/ASBHA-T-3501,SCEQUI,=1073763642/111943,"/ASBH-3""-WI-355038-FD1/B01",SCBRAN
1325,/ASBHA-T-3501,SCEQUI,=1073763642/111943,"/ASBH-3""-WI-355036-FD1/B01",SCBRAN
1327,/ASBHA-T-3501,SCEQUI,=1073763642/111937,"/ASBH-4""-WI-355057-FD1/B01",SCBRAN
1329,/ASBHA-T-3501,SCEQUI,=1073763642/111943,"/ASBH-2""-WI-355063-FD1/B01",SCBRAN
1333,/ASBHA-T-3501,SCEQUI,=1073763642/111943,"/ASBH-3""-WI-355053-FD1/B01",SCBRAN
1336,/ASBHA-T-3501,SCEQUI,=1073763642/111943,"/ASBH-3""-WI-355043-FD1/B02",SCBRAN
1347,/ASBHA-T-3501,SCEQUI,=1073763642/111961,"/ASBH-3""-WI-355039-FD1/B05",SCBRAN
1348,/ASBHA-T-3501,SCEQUI,=1073763642/111961,"/ASBH-3""-WI-355037-FD1/B01",SCBRAN
1349,/ASBHA-T-3501,SCEQUI,=1073763642/111961,"/ASBH-2""-WI-355094-FD1/B03",SCBRAN
1354,/ASBHA-T-3501,SCEQUI,=1073763642/111937,"/ASBH-4""-WI-355057-FD1/B03",SCBRAN
1357,/ASBHA-T-3501,SCEQUI,=1073763642/111937,"/ASBH-2""-WI-355056-FD1/B01",SCBRAN
1359,/ASBHA-T-3501,SCEQUI,=1073763642/111943,"/ASBH-3""-WI-355067-FD1/B01",SCBRAN
1360,/ASBHA-T-3501,SCEQUI,=1073763642/111943,"/ASBH-2""-WI-355095-FD1/B01",SCBRAN
1362,/ASBHA-T-3501,SCEQUI,=1073763642/111943,"/ASBH-0.25""-WI-355047-FD1/B01",SCBRAN
1364,/ASBHA-T-3501,SCEQUI,=1073763642/111943,"/ASBH-2""-WI-355046-FD1/B01",SCBRAN
1366,/ASBHA-T-3501,SCEQUI,=1073763642/111943,"/ASBH-3""-WI-355043-FD1/B03",SCBRAN
1368,/ASBHA-T-3501,SCEQUI,=1073763642/111943,"/ASBH-3""-WI-355089-FD1/B01",SCBRAN
1370,/ASBHA-T-3501,SCEQUI,=1073763642/111943,"/ASBH-3""-WI-355088-FD1/B01",SCBRAN
1372,/ASBHA-T-3501,SCEQUI,=1073763642/111943,"/ASBH-3""-WI-355043-FD1/B01",SCBRAN
1375,/ASBHA-T-3501,SCEQUI,=1073763642/111943,"/ASBH-2""-WI-355087-FD1/B01",SCBRAN
1377,/ASBHA-T-3501,SCEQUI,=1073763642/111943,"/ASBH-2""-WI-355086-FD1/B01",SCBRAN
1379,/ASBHA-T-3501,SCEQUI,=1073763642/111943,"/ASBH-2""-WI-355085-FD1/B01",SCBRAN
1381,/ASBHA-T-3501,SCEQUI,=1073763642/111943,"/ASBH-2""-WI-355084-FD1/B01",SCBRAN
1407,/ASBHA-T-3501,SCEQUI,=1073763642/111961,"/ASBH-3""-WI-355037-FD1/B02",SCBRAN
1409,/ASBHA-T-3501,SCEQUI,=1073763642/111961,"/ASBH-2""-WI-355094-FD1/B02",SCBRAN
1411,/ASBHA-T-3501,SCEQUI,=1073763642/111961,"/ASBH-2""-WI-355094-FD1/B01",SCBRAN
1413,/ASBHA-T-3501,SCEQUI,=1073763642/111961,"/ASBH-0.375""-WI-355091-FD1/B01",SCBRAN
1424,/ASBHA-T-3501,SCEQUI,=1073763642/111937,"/ASBH-2""-WI-355055-FD1/B01",SCBRAN
1428,/ASBHA-T-3501,SCEQUI,=1073763642/111943,"/ASBH-2""-WI-355095-FD1/B02",SCBRAN
1430,/ASBHA-T-3501,SCEQUI,=1073763642/111943,"/ASBH-0.375""-WI-355092-FD1/B01",SCBRAN
1433,/ASBHA-T-3501,SCEQUI,=1073763642/111943,"/ASBH-2""-WI-355087-FD1/B02",SCBRAN
1454,/ASBHA-P-3944,SCEQUI,/=1073763642/161378/N2,"/ASBH-1.5""-AA-392202-AH1/B01",SCBRAN
1455,/ASBHA-P-3944,SCEQUI,/=1073763642/161378/N2,"/ASBH-1.5""-AA-392202-AH1/B05",SCBRAN
1458,/ASBHA-P-3944,SCEQUI,/=1073763642/161378/N2,"/ASBH-1.5""-AA-392202-AH1/B02",SCBRAN
1460,/ASBHA-P-3944,SCEQUI,/=1073763642/161378/N2,"/ASBH-1.5""-AA-392202-AH1/B06",SCBRAN
1463,/ASBHA-P-3944,SCEQUI,/=1073763642/161378/N2,"/ASBH-1.5""-AA-392128-AH1/B01",SCBRAN
1464,/ASBHA-P-3944,SCEQUI,/=1073763642/161378/N2,"/ASBH-1.5""-AA-392202-AH1/B04",SCBRAN
1468,/ASBHA-P-3944,SCEQUI,/=1073763642/161378/N2,"/ASBH-1.5""-AA-392128-AH1/B02",SCBRAN
1473,/ASBHA-P-3944,SCEQUI,/=1073763642/161378/N2,"/ASBH-1.5""-AA-392154-AH1/B01",SCBRAN
1476,/ASBHA-P-3953,SCEQUI,=1073780026/36299,"/ASBH-3""-DO-392255-AS1/B02",SCBRAN
1477,/ASBHA-P-3953,SCEQUI,=1073780026/36299,"/ASBH-1""-DO-392265-AM1/B01",SCBRAN
1478,/ASBHA-P-3953,SCEQUI,=1073780026/36299,"/ASBH-4""-DO-392257-AT1/B01",SCBRAN
1479,/ASBHA-EP-3811,SCEQUI,/ASBHA-EP-3811/N3,"/ASBH-8""-GPS-381101-AD4/B01",SCBRAN
1480,/ASBHA-EP-3811,SCEQUI,/ASBHA-EP-3811/N2,"/ASBH-20""-GPS-381104-AD5/B01",SCBRAN
1481,/ASBHA-EP-3811,SCEQUI,/ASBHA-EP-3811/N6,"/ASBH-3""-GPS-381102-AD4/B01",SCBRAN
1482,/ASBHA-EP-3811,SCEQUI,/ASBHA-EP-3811/N11,"/ASBH-4""-GPS-381103-AD4/B01",SCBRAN
1487,/ASBHA-EP-3811,SCEQUI,/ASBHA-EP-3811/N2,"/ASBH-20""-GPS-381104-AD5/B11",SCBRAN
1489,/ASBHA-EP-3811,SCEQUI,/ASBHA-EP-3811/N2,"/ASBH-20""-GPS-381104-AD5/B06",SCBRAN
1491,/ASBHA-EP-3811,SCEQUI,/ASBHA-EP-3811/N2,"/ASBH-14""-GPS-381113-AD5/B01",SCBRAN
1493,/ASBHA-EP-3811,SCEQUI,/ASBHA-EP-3811/N2,"/ASBH-20""-GPS-381104-AD5/B07",SCBRAN
1496,/ASBHA-EP-3811,SCEQUI,/ASBHA-EP-3811/N6,"/ASBH-2""-GPS-384017-AD4/B01",SCBRAN
1500,/ASBHA-EP-3811,SCEQUI,/ASBHA-EP-3811/N3,"/ASBH-6""-GPS-380901-AD4/B01",SCBRAN
1501,/ASBHA-EP-3811,SCEQUI,/ASBHA-EP-3811/N3,"/ASBH-8""-GPS-383701-AD4/B01",SCBRAN
1502,/ASBHA-EP-3811,SCEQUI,/ASBHA-EP-3811/N3,"/ASBH-8""-GPS-381001-AD4/B01",SCBRAN
1503,/ASBHA-EP-3811,SCEQUI,/ASBHA-EP-3811/N3,"/ASBH-8""-GPS-381201-AD4/B01",SCBRAN
1504,/ASBHA-EP-3833,SCEQUI,/ASBHA-EP-3833/N2,"/ASBH-16""-WI-383304-FD4/B01",SCBRAN
1505,/ASBHA-EP-3833,SCEQUI,/ASBHA-EP-3833/N3,"/ASBH-6""-WI-383301-FD1/B01",SCBRAN
1506,/ASBHA-EP-3833,SCEQUI,/ASBHA-EP-3833/N9,"/ASBH-2""-WI-383303-FD1/B01",SCBRAN
1507,/ASBHA-EP-3833,SCEQUI,/ASBHA-EP-3833/N6,"/ASBH-3""-WI-383302-FD1/B01",SCBRAN
1508,/ASBHA-EP-3810,SCEQUI,/ASBHA-EP-3810/N3,"/ASBH-8""-GPS-381001-AD4/B01",SCBRAN
1509,/ASBHA-EP-3810,SCEQUI,/ASBHA-EP-3810/N2,"/ASBH-20""-GPS-381004-AD5/B01",SCBRAN
1510,/ASBHA-EP-3810,SCEQUI,/ASBHA-EP-3810/N6,"/ASBH-3""-GPS-381002-AD4/B01",SCBRAN
1511,/ASBHA-EP-3810,SCEQUI,/ASBHA-EP-3810/N9,"/ASBH-4""-GPS-381003-AD4/B01",SCBRAN
1512,/ASBHA-EP-3810,SCEQUI,/ASBHA-EP-3810/N4,"/ASBH-2""-GPS-380057-AD1/B01",SCBRAN
1516,/ASBHA-EP-3810,SCEQUI,/ASBHA-EP-3810/N2,"/ASBH-16""-GPS-381013-AD5/B01",SCBRAN
1518,/ASBHA-EP-3810,SCEQUI,/ASBHA-EP-3810/N6,"/ASBH-2""-GPS-384014-AD4/B01",SCBRAN
1522,/ASBHA-EP-3810,SCEQUI,/ASBHA-EP-3810/N3,"/ASBH-6""-GPS-380901-AD4/B01",SCBRAN
1523,/ASBHA-EP-3810,SCEQUI,/ASBHA-EP-3810/N3,"/ASBH-8""-GPS-383701-AD4/B01",SCBRAN
1524,/ASBHA-EP-3810,SCEQUI,/ASBHA-EP-3810/N3,"/ASBH-8""-GPS-381201-AD4/B01",SCBRAN
1525,/ASBHA-EP-3810,SCEQUI,/ASBHA-EP-3810/N3,"/ASBH-8""-GPS-381101-AD4/B01",SCBRAN
1526,/ASBHA-FIL-5302,SCEQUI,/ASBHA-FIL-5302/N1,"/ASBH-36""-WS-530011-AR1/B06",SCBRAN
1527,/ASBHA-FIL-5302,SCEQUI,/ASBHA-FIL-5302/N1,"/ASBH-36""-WS-534001-AR1/B01",SCBRAN
1529,/ASBHA-FIL-5302,SCEQUI,/ASBHA-FIL-5302/N2,"/ASBH-36""-WS-534013-AR1/B02",SCBRAN
1530,/ASBHA-FIL-5302,SCEQUI,/ASBHA-FIL-5302/N2,"/ASBH-36""-WS-534013-AR1/B01",SCBRAN
1532,/ASBHA-FIL-5302,SCEQUI,/ASBHA-FIL-5302/N2,"/ASBH-36""-WS-534005-AR1/B01",SCBRAN
1533,/ASBHA-FIL-5302,SCEQUI,/ASBHA-FIL-5302/N2,"/ASBH-36""-WS-534005-AR1/B02",SCBRAN
1536,/ASBHA-T-3906,SCEQUI,/ASBHA-T-3906/N1,"/ASBH-2""-CB-390006-AS1/B01",SCBRAN
1537,/ASBHA-T-3906,SCEQUI,/ASBHA-T-3906/N5,"/ASBH-3""-CB-390031-AS1/B01",SCBRAN
1538,/ASBHA-T-3906,SCEQUI,/ASBHA-T-3906/N4,"/ASBH-1""-CI-392072-IT1/B01",SCBRAN
1539,/ASBHA-T-3906,SCEQUI,/ASBHA-T-3906/N2,"/ASBH-1""-CI-392073-IT1/B01",SCBRAN
1540,/ASBHA-T-3906,SCEQUI,/ASBHA-T-3906/N4,"/ASBH-0.5""-CI-392080-IT1/B01",SCBRAN
1542,/ASBHA-T-3906,SCEQUI,/ASBHA-T-3906/N4,"/ASBH-0.5""-CI-392079-IT1/B01",SCBRAN
1543,/ASBHA-T-3906,SCEQUI,/ASBHA-T-3906/N2,"/ASBH-0.5""-CI-392075-IT1/B01",SCBRAN
1544,/ASBHA-T-3906,SCEQUI,/ASBHA-T-3906/N2,"/ASBH-0.5""-CI-392116-IT1/B01",SCBRAN
1546,/ASBHA-EP-3832,SCEQUI,/ASBHA-EP-3832/N2,"/ASBH-20""-WI-383204-FD4/B01",SCBRAN
1547,/ASBHA-EP-3832,SCEQUI,/ASBHA-EP-3832/N3,"/ASBH-8""-WI-383201-FD1/B01",SCBRAN
1548,/ASBHA-EP-3832,SCEQUI,/ASBHA-EP-3832/N9,"/ASBH-4""-WI-383203-FD1/B01",SCBRAN
1549,/ASBHA-EP-3832,SCEQUI,/ASBHA-EP-3832/N6,"/ASBH-3""-WI-383202-FD1/B01",SCBRAN
1550,/ASBHA-EP-3832,SCEQUI,/ASBHA-EP-3832/N2,"/ASBH-20""-WI-383213-FD4/B02",SCBRAN
1556,/ASBHA-EP-3832,SCEQUI,/ASBHA-EP-3832/N6,"/ASBH-2""-WI-384059-FD1/B01",SCBRAN
1558,/ASBHA-EP-3830,SCEQUI,/ASBHA-EP-3830/N2,"/ASBH-10""-WI-383004-FD4/B01",SCBRAN
1559,/ASBHA-EP-3830,SCEQUI,/ASBHA-EP-3830/N3,"/ASBH-4""-WI-383001-FD1/B01",SCBRAN
1560,/ASBHA-EP-3830,SCEQUI,/ASBHA-EP-3830/N6,"/ASBH-3""-WI-383002-FD1/B01",SCBRAN
1561,/ASBHA-EP-3830,SCEQUI,/ASBHA-EP-3830/N4,"/ASBH-2""-WI-383005-FD1/B01",SCBRAN
1562,/ASBHA-EP-3830,SCEQUI,/ASBHA-EP-3830/N2,"/ASBH-14""-WI-383013-FD4/B01",SCBRAN
1565,/ASBHA-EP-3830,SCEQUI,/ASBHA-EP-3830/N3,"/ASBH-2""-WI-384052-FD1/B01",SCBRAN
1570,/ASBHA-EP-3830,SCEQUI,/ASBHA-EP-3830/N6,"/ASBH-2""-WI-384053-FD1/B01",SCBRAN
1572,/ASBHA-EP-3815,SCEQUI,/ASBHA-EP-3815/N3,"/ASBH-8""-PHS-381501-FD1/B01",SCBRAN
1573,/ASBHA-EP-3815,SCEQUI,/ASBHA-EP-3815/N2,"/ASBH-18""-PHS-381504-FD6/B01",SCBRAN
1574,/ASBHA-EP-3815,SCEQUI,/ASBHA-EP-3815/N6,"/ASBH-3""-PHS-381502-FD1/B01",SCBRAN
1575,/ASBHA-EP-3815,SCEQUI,/ASBHA-EP-3815/N9,"/ASBH-4""-PHS-381503-FD1/B01",SCBRAN
1576,/ASBHA-EP-3815,SCEQUI,/ASBHA-EP-3815/N4,"/ASBH-2""-PHS-381507-FD6/B01",SCBRAN
1579,/ASBHA-EP-3815,SCEQUI,/ASBHA-EP-3815/N2,"/ASBH-4""-PHS-381505-FD6/B01",SCBRAN
1581,/ASBHA-EP-3815,SCEQUI,/ASBHA-EP-3815/N2,"/ASBH-2""-PHS-381509-FD6/B01",SCBRAN
1585,/ASBHA-EP-3815,SCEQUI,/ASBHA-EP-3815/N2,"/ASBH-18""-PHS-381504-FD6/B02",SCBRAN
1587,/ASBHA-EP-3815,SCEQUI,/ASBHA-EP-3815/N2,"/ASBH-18""-PHS-381504-FD6/B03",SCBRAN
1589,/ASBHA-EP-3815,SCEQUI,/ASBHA-EP-3815/N2,"/ASBH-18""-PHS-381504-FD6/B04",SCBRAN
1591,/ASBHA-EP-3815,SCEQUI,/ASBHA-EP-3815/N2,"/ASBH-20""-PHS-381513-FD6/B01",SCBRAN
1593,/ASBHA-EP-3815,SCEQUI,/ASBHA-EP-3815/N2,"/ASBH-18""-PHS-381504-FD6/B05",SCBRAN
1595,/ASBHA-EP-3815,SCEQUI,/ASBHA-EP-3815/N2,"/ASBH-18""-PHS-381504-FD6/B06",SCBRAN
1598,/ASBHA-EP-3815,SCEQUI,/ASBHA-EP-3815/N6,"/ASBH-2""-PHS-384005-FD1/B01",SCBRAN
1602,/ASBHA-T-3910,SCEQUI,/ASBHA-T-3910/N1,"/ASBH-2""-CY-392176-AS1/B01",SCBRAN
1603,/ASBHA-T-3910,SCEQUI,/ASBHA-T-3910/N5,"/ASBH-2""-CY-392138-AT1/B01",SCBRAN
1604,/ASBHA-T-3910,SCEQUI,/ASBHA-T-3910/N2,"/ASBH-2""-CY-392179-AS1/B01",SCBRAN
1605,/ASBHA-T-3910,SCEQUI,/ASBHA-T-3910/N2,"/ASBH-2""-CY-392180-AS1/B01",SCBRAN
1608,/ASBHA-T-3910,SCEQUI,/ASBHA-T-3910/N2,"/ASBH-2""-CY-392180-AS1/B02",SCBRAN
1610,/ASBHA-T-3910,SCEQUI,/ASBHA-T-3910/N2,"/ASBH-2""-CY-392180-AS1/B03",SCBRAN
1612,/ASBHA-T-3910,SCEQUI,/ASBHA-T-3910/N2,"/ASBH-2""-CY-392180-AS1/B04",SCBRAN
1615,/ASBHA-P-3940,SCEQUI,=1073763642/123586,"/ASBH-2""-CY-392181-AS1/B01",SCBRAN
1616,/ASBHA-P-3940,SCEQUI,=1073763642/123587,"/ASBH-2""-CY-392179-AS1/B01",SCBRAN
1617,/ASBHA-P-3940,SCEQUI,=1073763642/123586,"/ASBH-2""-CY-392181-AS1/B05",SCBRAN
1621,/ASBHA-P-3940,SCEQUI,=1073763642/123586,"/ASBH-2""-CY-392127-AS1/B01",SCBRAN
1622,/ASBHA-P-3940,SCEQUI,=1073763642/123587,"/ASBH-2""-CY-392180-AS1/B01",SCBRAN
1625,/ASBHA-P-3940,SCEQUI,=1073763642/123586,"/ASBH-2""-CY-392127-AS1/B07",SCBRAN
1627,/ASBHA-P-3940,SCEQUI,=1073763642/123586,"/ASBH-2""-CY-392127-AS1/B02",SCBRAN
1629,/ASBHA-P-3940,SCEQUI,=1073763642/123586,"/ASBH-2""-CY-392127-AS1/B04",SCBRAN
1631,/ASBHA-P-3940,SCEQUI,=1073763642/123586,"/ASBH-2""-CY-392153-AS1/B03",SCBRAN
1633,/ASBHA-P-3940,SCEQUI,=1073763642/123586,"/ASBH-2""-CY-392185-AS1/B01",SCBRAN
1636,/ASBHA-P-3940,SCEQUI,=1073763642/123587,"/ASBH-2""-CY-392180-AS1/B02",SCBRAN
1638,/ASBHA-P-3940,SCEQUI,=1073763642/123587,"/ASBH-2""-CY-392180-AS1/B03",SCBRAN
1640,/ASBHA-P-3940,SCEQUI,=1073763642/123587,"/ASBH-2""-CY-392180-AS1/B04",SCBRAN
1643,/ASBHA-P-3940,SCEQUI,=1073763642/123586,"/ASBH-2""-CY-392127-AS1/B03",SCBRAN
1645,/ASBHA-P-3940,SCEQUI,=1073763642/123586,"/ASBH-2""-CY-392127-AS1/B05",SCBRAN
1647,/ASBHA-P-3940,SCEQUI,=1073763642/123586,"/ASBH-1.5""--392159-AS1/B01",SCBRAN
1650,/ASBHA-FIL-3506,SCEQUI,=1073771834/19058,"/ASBH-3""-WI-355043-FD1/B05",SCBRAN
1651,/ASBHA-FIL-3506,SCEQUI,=1073771834/19058,"/ASBH-3""-WI-355043-FD1/B06",SCBRAN
1653,/ASBHA-FIL-3506,SCEQUI,=1073771834/19058,"/ASBH-3""-WI-355043-FD1/B07",SCBRAN
1654,/ASBHA-P-3942,SCEQUI,/=1073763642/163056/N2,"/ASBH-0.5""-CY-392193-AH1/B01",SCBRAN
1655,/ASBHA-EP-3821,SCEQUI,/ASBHA-EP-3821/N4,"/ASBH-2""-GPS-380084-ED1/B01",SCBRAN
1656,/ASBHA-EP-3821,SCEQUI,/ASBHA-EP-3821/N6,"/ASBH-3""-GPS-384001-ED1-P/B01",SCBRAN
1657,/ASBHA-EP-3821,SCEQUI,/ASBHA-EP-3821/N9,"/ASBH-2""-GPS-382103-ED1-P/B01",SCBRAN
1658,/ASBHA-EP-3821,SCEQUI,/ASBHA-EP-3821/N2,"/ASBH-10""-GPS-382104-ED3-P/B01",SCBRAN
1659,/ASBHA-EP-3821,SCEQUI,/ASBHA-EP-3821/N3,"/ASBH-4""-GPS-382102-ED1-P/B01",SCBRAN
1660,/ASBHA-EP-3821,SCEQUI,/ASBHA-EP-3821/N6,"/ASBH-2""-GPS-384032-ED1/B01",SCBRAN
1664,/ASBHA-EP-3821,SCEQUI,/ASBHA-EP-3821/N2,"/ASBH-8""-GPS-382113-ED3-P/B01",SCBRAN
1666,/ASBHA-EP-3821,SCEQUI,/ASBHA-EP-3821/N3,"/ASBH-2""-GPS-384033-ED1/B01",SCBRAN
1671,/ASBHA-EP-3821,SCEQUI,/ASBHA-EP-3821/N2,"/ASBH-8""-GPS-382113-ED3-P/B02",SCBRAN
1674,/ASBHA-EP-3821,SCEQUI,/ASBHA-EP-3821/N3,"/ASBH-10""-GPS-382104-ED3-P/B03",SCBRAN
1676,/ASBHA-EP-3821,SCEQUI,/ASBHA-EP-3821/N3,"/ASBH-6""-GPS-381904-ED3-P/B03",SCBRAN
1677,/ASBHA-EP-3821,SCEQUI,/ASBHA-EP-3821/N3,"/ASBH-4""-GPS-383901-ED1-P/B01",SCBRAN
1678,/ASBHA-T-3925,SCEQUI,/ASBHA-T-3925/N,"/ASBH-3""-DO-392503-AT1/B01",SCBRAN
1679,/ASBHA-V-5101,SCEQUI,/ASBHA-V-5101/N2,"/ASBH-4""-WW-512006-AO1/B01",SCBRAN
1680,/ASBHA-FIL-3518,SCEQUI,/ASBHA-FIL-3518/N2,"/ASBH-14""-CY-355121-AR1/B02",SCBRAN
1681,/ASBHA-FIL-3518,SCEQUI,/ASBHA-FIL-3518/N2,"/ASBH-14""-CY-355121-AR1/B01",SCBRAN
1683,/ASBHA-FIL-3518,SCEQUI,/ASBHA-FIL-3518/N1,"/ASBH-14""-CY-355120-AR1/B02",SCBRAN
1684,/ASBHA-FIL-3518,SCEQUI,/ASBHA-FIL-3518/N1,"/ASBH-14""-CY-355120-AR1/B01",SCBRAN
1686,/ASBHA-FIL-3518,SCEQUI,/ASBHA-FIL-3518/N1,"/ASBH-14""-CY-355119-AR1/B01",SCBRAN
1687,/ASBHA-FIL-3518,SCEQUI,/ASBHA-FIL-3518/N1,"/ASBH-14""-CY-355119-AR1/B02",SCBRAN
1691,/ASBHA-EP-3812,SCEQUI,/ASBHA-EP-3812/N3,"/ASBH-8""-GPS-381201-AD4/B01",SCBRAN
1692,/ASBHA-EP-3812,SCEQUI,/ASBHA-EP-3812/N2,"/ASBH-20""-GPS-381204-AD5/B01",SCBRAN
1693,/ASBHA-EP-3812,SCEQUI,/ASBHA-EP-3812/N6,"/ASBH-3""-GPS-381202-AD4/B01",SCBRAN
1694,/ASBHA-EP-3812,SCEQUI,/ASBHA-EP-3812/N9,"/ASBH-4""-GPS-381203-AD4/B01",SCBRAN
1698,/ASBHA-EP-3812,SCEQUI,/ASBHA-EP-3812/N2,"/ASBH-20""-GPS-381204-AD5/B02",SCBRAN
1700,/ASBHA-EP-3812,SCEQUI,/ASBHA-EP-3812/N2,"/ASBH-20""-GPS-381204-AD5/B03",SCBRAN
1702,/ASBHA-EP-3812,SCEQUI,/ASBHA-EP-3812/N2,"/ASBH-20""-GPS-381204-AD5/B04",SCBRAN
1704,/ASBHA-EP-3812,SCEQUI,/ASBHA-EP-3812/N2,"/ASBH-14""-GPS-381213-AD5/B01",SCBRAN
1706,/ASBHA-EP-3812,SCEQUI,/ASBHA-EP-3812/N2,"/ASBH-20""-GPS-381204-AD5/B05",SCBRAN
1709,/ASBHA-EP-3812,SCEQUI,/ASBHA-EP-3812/N6,"/ASBH-2""-GPS-384020-AD4/B01",SCBRAN
1713,/ASBHA-EP-3812,SCEQUI,/ASBHA-EP-3812/N2,"/ASBH-14""-GPS-381213-AD5/B02",SCBRAN
1715,/ASBHA-EP-3812,SCEQUI,/ASBHA-EP-3812/N3,"/ASBH-6""-GPS-380901-AD4/B01",SCBRAN
1716,/ASBHA-EP-3812,SCEQUI,/ASBHA-EP-3812/N3,"/ASBH-8""-GPS-383701-AD4/B01",SCBRAN
1717,/ASBHA-EP-3812,SCEQUI,/ASBHA-EP-3812/N3,"/ASBH-8""-GPS-381001-AD4/B01",SCBRAN
1718,/ASBHA-EP-3812,SCEQUI,/ASBHA-EP-3812/N3,"/ASBH-8""-GPS-381101-AD4/B01",SCBRAN
1719,/ASBHA-EP-3831,SCEQUI,/ASBHA-EP-3831/N2,"/ASBH-20""-WI-383104-FD4/B01",SCBRAN
1720,/ASBHA-EP-3831,SCEQUI,/ASBHA-EP-3831/N3,"/ASBH-8""-WI-383101-FD1/B01",SCBRAN
1721,/ASBHA-EP-3831,SCEQUI,/ASBHA-EP-3831/N9,"/ASBH-4""-WI-383103-FD1/B01",SCBRAN
1722,/ASBHA-EP-3831,SCEQUI,/ASBHA-EP-3831/N6,"/ASBH-3""-WI-383102-FD1/B01",SCBRAN
1723,/ASBHA-EP-3825,SCEQUI,/ASBHA-EP-3825/N5B,"/ASBH-4""-DPS-380267-BX1-P/B01",SCBRAN
1724,/ASBHA-EP-3825,SCEQUI,/ASBHA-EP-3825/N2,"/ASBH-26""-WOS-380257-BD2/B01",SCBRAN
1725,/ASBHA-EP-3825,SCEQUI,/ASBHA-EP-3825/N3,"/ASBH-8""-WOS-380258-BX1-P/B01",SCBRAN
1726,/ASBHA-EP-3825,SCEQUI,/ASBHA-EP-3825/N9,"/ASBH-4""-WOS-380259-BX1-P/B01",SCBRAN
1727,/ASBHA-EP-3825,SCEQUI,/ASBHA-EP-3825/N4,"/ASBH-2""-WOS-380261-BX1/B01",SCBRAN
1728,/ASBHA-EP-3825,SCEQUI,/ASBHA-EP-3825/N6,"/ASBH-3""-WOS-380260-BX1/B02",SCBRAN
1729,/ASBHA-EP-3825,SCEQUI,/ASBHA-EP-3825/N5A,"/ASBH-4""-DPS-380266-BX1-P/B01",SCBRAN
1730,/ASBHA-EP-3803,SCEQUI,/ASBHA-EP-3803/N3,"/ASBH-4""-OCS-380301-BD1/B01",SCBRAN
1731,/ASBHA-EP-3803,SCEQUI,/ASBHA-EP-3803/N2,"/ASBH-10""-OCS-380304-BD2/B01",SCBRAN
1732,/ASBHA-EP-3803,SCEQUI,/ASBHA-EP-3803/N6,"/ASBH-3""-OCS-380302-BD1/B01",SCBRAN
1733,/ASBHA-EP-3803,SCEQUI,/ASBHA-EP-3803/N9,"/ASBH-2""-OCS-380303-BD1/B01",SCBRAN
1734,/ASBHA-EP-3803,SCEQUI,/ASBHA-EP-3803/N4,"/ASBH-2""-OCS-380306-BD1/B03",SCBRAN
1737,/ASBHA-EP-3803,SCEQUI,/ASBHA-EP-3803/N3,"/ASBH-2""-OCS-384068-BD1/B01",SCBRAN
1740,/ASBHA-EP-3803,SCEQUI,/ASBHA-EP-3803/N2,"/ASBH-10""-OCS-380304-BD2/B02",SCBRAN
1742,/ASBHA-EP-3803,SCEQUI,/ASBHA-EP-3803/N2,"/ASBH-10""-OCS-380304-BD2/B03",SCBRAN
1744,/ASBHA-EP-3803,SCEQUI,/ASBHA-EP-3803/N2,"/ASBH-10""-OCS-380304-BD2/B04",SCBRAN
1746,/ASBHA-EP-3803,SCEQUI,/ASBHA-EP-3803/N2,"/ASBH-8""-OCS-380313-BD2/B01",SCBRAN
1748,/ASBHA-EP-3803,SCEQUI,/ASBHA-EP-3803/N2,"/ASBH-10""-OCS-380304-BD2/B06",SCBRAN
1750,/ASBHA-EP-3803,SCEQUI,/ASBHA-EP-3803/N2,"/ASBH-10""-OCS-380304-BD2/B05",SCBRAN
1753,/ASBHA-EP-3803,SCEQUI,/ASBHA-EP-3803/N6,"/ASBH-2""-OCS-384069-BD1/B01",SCBRAN
1757,/ASBHA-V-5401,SCEQUI,/ASBHA-V-5401/N1,"/ASBH-3""-AI-540005-AS1/B01",SCBRAN
1758,/ASBHA-V-5401,SCEQUI,/ASBHA-V-5401/N5,"/ASBH-4""-AI-540011-AS1/B01",SCBRAN
1759,/ASBHA-V-5401,SCEQUI,/ASBHA-V-5401/N7,"/ASBH-2""-AI-541003-AD1/B01",SCBRAN
1760,/ASBHA-V-5401,SCEQUI,/ASBHA-V-5401/N6,"/ASBH-2""-AI-540013-AS1/B01",SCBRAN
1761,/ASBHA-V-5401,SCEQUI,/ASBHA-V-5401/N2,"/ASBH-3""-AI-540007-AS1/B01",SCBRAN
1762,/ASBHA-V-5401,SCEQUI,/ASBHA-V-5401/N1,"/ASBH-3""-AI-540004-AS1/B01",SCBRAN
1764,/ASBHA-V-5401,SCEQUI,/ASBHA-V-5401/N1,"/ASBH-3""-AI-540006-AS1/B01",SCBRAN
1766,/ASBHA-V-5401,SCEQUI,/ASBHA-V-5401/N5,"/ASBH-2""-AI-540101-AS1/B01",SCBRAN
1770,/ASBHA-V-5401,SCEQUI,/ASBHA-V-5401/N2,"/ASBH-2""-AI-540012-AS1/B02",SCBRAN
1772,/ASBHA-V-5401,SCEQUI,/ASBHA-V-5401/N2,"/ASBH-3""-AI-540008-AS1/B01",SCBRAN
1774,/ASBHA-V-5401,SCEQUI,/ASBHA-V-5401/N2,"/ASBH-3""-AI-540007-AS1/B02",SCBRAN
1778,/ASBHA-V-1011,SCEQUI,=1073763642/125125,"/ASBH-1""-WS-101067-AR1/B01",SCBRAN
1779,/ASBHA-EP-3839,SCEQUI,/ASBHA-EP-3839/N6,"/ASBH-3""-GPS-383902-ED1-P/B01",SCBRAN
1780,/ASBHA-EP-3839,SCEQUI,/ASBHA-EP-3839/N9,"/ASBH-2""-GPS-383903-ED1/B01",SCBRAN
1781,/ASBHA-EP-3839,SCEQUI,/ASBHA-EP-3839/N2,"/ASBH-10""-GPS-383904-ED3-P/B01",SCBRAN
1782,/ASBHA-EP-3839,SCEQUI,/ASBHA-EP-3839/N3,"/ASBH-4""-GPS-383901-ED1-P/B01",SCBRAN
1783,/ASBHA-EP-3839,SCEQUI,/ASBHA-EP-3839/N6,"/ASBH-2""-GPS-384034-ED1/B01",SCBRAN
1787,/ASBHA-EP-3839,SCEQUI,/ASBHA-EP-3839/N2,"/ASBH-6""-GPS-383913-ED3-P/B01",SCBRAN
1793,/ASBHA-EP-3839,SCEQUI,/ASBHA-EP-3839/N2,"/ASBH-6""-GPS-383913-ED3-P/B02",SCBRAN
1795,/ASBHA-EP-3839,SCEQUI,/ASBHA-EP-3839/N3,"/ASBH-6""-GPS-381904-ED3-P/B03",SCBRAN
1796,/ASBHA-EP-3839,SCEQUI,/ASBHA-EP-3839/N3,"/ASBH-10""-GPS-382104-ED3-P/B03",SCBRAN
1797,/ASBHA-EP-3839,SCEQUI,/ASBHA-EP-3839/N3,"/ASBH-4""-GPS-382102-ED1-P/B01",SCBRAN
1798,/ASBHA-EP-3839,SCEQUI,/ASBHA-EP-3839/N3,"/ASBH-2""-GPS-384033-ED1/B01",SCBRAN
1799,/ASBHA-P-5004,SCEQUI,/ASBHA-P-5004/N1,"/ASBH-2""-DPS-500167-AX1/B01",SCBRAN
1800,/ASBHA-P-5004,SCEQUI,/ASBHA-P-5004/N1,"/ASBH-4""-DPS-500162-AX2/B01",SCBRAN
1801,/ASBHA-P-5004,SCEQUI,/ASBHA-P-5004/N1,"/ASBH-4""-DPS-500162-AX2/B02",SCBRAN
1803,/ASBHA-P-5004,SCEQUI,/ASBHA-P-5004/N1,"/ASBH-4""-DPS-500163-AX2/B01",SCBRAN
1806,/ASBHA-P-5004,SCEQUI,/ASBHA-P-5004/N2,"/ASBH-2""-DPS-500187-AX1/B01",SCBRAN
1807,/ASBHA-P-5004,SCEQUI,/ASBHA-P-5004/N2,"/ASBH-2""-DPS-500188-AX1/B01",SCBRAN
1808,/ASBHA-P-5004,SCEQUI,/ASBHA-P-5004/N2,"/ASBH-3""-DPS-500165-AX1/B05",SCBRAN
1809,/ASBHA-P-5004,SCEQUI,/ASBHA-P-5004/N2,"/ASBH-3""-DPS-500165-AX1/B01",SCBRAN
1810,/ASBHA-P-5004,SCEQUI,/ASBHA-P-5004/N2,"/ASBH-3""-DPS-500165-AX1/B04",SCBRAN
1812,/ASBHA-P-5004,SCEQUI,/ASBHA-P-5004/N2,"/ASBH-3""-DPS-500165-AX1/B03",SCBRAN
1814,/ASBHA-P-5004,SCEQUI,/ASBHA-P-5004/N2,"/ASBH-2""-DPS-500186-AX1/B01",SCBRAN
1818,/ASBHA-P-5004,SCEQUI,/ASBHA-P-5004/N1,"/ASBH-2""-DPS-500175-AX2/B01",SCBRAN
1820,/ASBHA-P-5004,SCEQUI,/ASBHA-P-5004/N1,"/ASBH-4""-DPS-500163-AX2/B04",SCBRAN
1822,/ASBHA-P-5004,SCEQUI,/ASBHA-P-5004/N1,"/ASBH-4""-DPS-500163-AX2/B05",SCBRAN
1824,/ASBHA-P-5004,SCEQUI,/ASBHA-P-5004/N1,"/ASBH-4""-DPS-500163-AX2/B06",SCBRAN
1828,/ASBHA-P-3930,SCEQUI,/ASBHA-P-3930/N,"/ASBH-2""-CY-392127-AS1/B01",SCBRAN
1829,/ASBHA-P-3930,SCEQUI,=1073763642/123017,"/ASBH-2""-CY-392180-AS1/B01",SCBRAN
1830,/ASBHA-P-3930,SCEQUI,/ASBHA-P-3930/N,"/ASBH-2""-CY-392127-AS1/B03",SCBRAN
1831,/ASBHA-P-3930,SCEQUI,/ASBHA-P-3930/N,"/ASBH-2""-CY-392127-AS1/B02",SCBRAN
1832,/ASBHA-P-3930,SCEQUI,/ASBHA-P-3930/N,"/ASBH-2""-CY-392181-AS1/B05",SCBRAN
1833,/ASBHA-P-3930,SCEQUI,/ASBHA-P-3930/N,"/ASBH-2""-CY-392181-AS1/B01",SCBRAN
1836,/ASBHA-P-3930,SCEQUI,/ASBHA-P-3930/N,"/ASBH-2""-CY-392127-AS1/B05",SCBRAN
1837,/ASBHA-P-3930,SCEQUI,/ASBHA-P-3930/N,"/ASBH-2""-CY-392127-AS1/B04",SCBRAN
1838,/ASBHA-P-3930,SCEQUI,/ASBHA-P-3930/N,"/ASBH-1.5""--392159-AS1/B01",SCBRAN
1839,/ASBHA-P-3930,SCEQUI,/ASBHA-P-3930/N,"/ASBH-2""-CY-392153-AS1/B03",SCBRAN
1841,/ASBHA-P-3930,SCEQUI,=1073763642/123017,"/ASBH-2""-CY-392179-AS1/B01",SCBRAN
1843,/ASBHA-T-3901,SCEQUI,/ASBHA-T-3901/N1,"/ASBH-2""-CI-390001-AS1/B01",SCBRAN
1844,/ASBHA-T-3901,SCEQUI,/ASBHA-T-3901/N5,"/ASBH-3""-CI-390027-AS1/B01",SCBRAN
1845,/ASBHA-T-3901,SCEQUI,/ASBHA-T-3901/N4,"/ASBH-0.5""-CI-392009-IT1/B03",SCBRAN
1846,/ASBHA-T-3901,SCEQUI,/ASBHA-T-3901/N2,"/ASBH-1""-CI-392003-IT1/B01",SCBRAN
1847,/ASBHA-P-3501,SCEQUI,=1073788218/20701,"/ASBH-3""-WI-355036-FD1/B01",SCBRAN
1848,/ASBHA-P-3501,SCEQUI,=1073788218/20701,"/ASBH-2""-WI-355064-FD1/B01",SCBRAN
1849,/ASBHA-P-3501,SCEQUI,=1073788218/20701,"/ASBH-3""-WI-355038-FD1/B01",SCBRAN
1850,/ASBHA-P-3501,SCEQUI,=1073788218/20701,"/ASBH-2""-WI-355062-FD1/B01",SCBRAN
1852,/ASBHA-P-3501,SCEQUI,=1073788218/20701,"/ASBH-2""-WI-355063-FD1/B01",SCBRAN
1856,/ASBHA-P-3501,SCEQUI,=1073788218/20701,"/ASBH-3""-WI-355053-FD1/B01",SCBRAN
1858,/ASBHA-P-3501,SCEQUI,=1073788218/20701,"/ASBH-3""-WI-355043-FD1/B02",SCBRAN
1860,/ASBHA-P-3501,SCEQUI,=1073788218/20705,"/ASBH-3""-WI-355051-FD1/B01",SCBRAN
1861,/ASBHA-P-3501,SCEQUI,=1073788218/20705,"/ASBH-0.5""-WI-355049-FD1/B01",SCBRAN
1867,/ASBHA-P-3501,SCEQUI,=1073788218/20701,"/ASBH-3""-WI-355067-FD1/B01",SCBRAN
1868,/ASBHA-P-3501,SCEQUI,=1073788218/20701,"/ASBH-2""-WI-355095-FD1/B01",SCBRAN
1870,/ASBHA-P-3501,SCEQUI,=1073788218/20701,"/ASBH-0.25""-WI-355047-FD1/B01",SCBRAN
1872,/ASBHA-P-3501,SCEQUI,=1073788218/20701,"/ASBH-2""-WI-355046-FD1/B01",SCBRAN
1874,/ASBHA-P-3501,SCEQUI,=1073788218/20701,"/ASBH-3""-WI-355043-FD1/B03",SCBRAN
1876,/ASBHA-P-3501,SCEQUI,=1073788218/20701,"/ASBH-3""-WI-355089-FD1/B01",SCBRAN
1878,/ASBHA-P-3501,SCEQUI,=1073788218/20701,"/ASBH-3""-WI-355088-FD1/B01",SCBRAN
1880,/ASBHA-P-3501,SCEQUI,=1073788218/20701,"/ASBH-3""-WI-355043-FD1/B01",SCBRAN
1883,/ASBHA-P-3501,SCEQUI,=1073788218/20701,"/ASBH-2""-WI-355087-FD1/B01",SCBRAN
1885,/ASBHA-P-3501,SCEQUI,=1073788218/20701,"/ASBH-2""-WI-355086-FD1/B01",SCBRAN
1887,/ASBHA-P-3501,SCEQUI,=1073788218/20701,"/ASBH-2""-WI-355085-FD1/B01",SCBRAN
1889,/ASBHA-P-3501,SCEQUI,=1073788218/20701,"/ASBH-2""-WI-355084-FD1/B01",SCBRAN
1892,/ASBHA-P-3501,SCEQUI,=1073788218/20705,"/ASBH-0.5""-WI-355050-FD1/B01",SCBRAN
1893,/ASBHA-P-3501,SCEQUI,=1073788218/20701,"/ASBH-2""-WI-355094-FD1/B02",SCBRAN
1895,/ASBHA-P-3501,SCEQUI,=1073788218/20701,"/ASBH-2""-WI-355095-FD1/B02",SCBRAN
1897,/ASBHA-P-3501,SCEQUI,=1073788218/20701,"/ASBH-0.375""-WI-355092-FD1/B01",SCBRAN
1900,/ASBHA-P-3501,SCEQUI,=1073788218/20701,"/ASBH-2""-WI-355087-FD1/B02",SCBRAN
1906,/ASBHA-FIL-3507,SCEQUI,=1073763642/109999,"/ASBH-3""-WI-355043-FD1/B07",SCBRAN
1907,/ASBHA-FIL-3507,SCEQUI,=1073771834/19083,"/ASBH-1""-WI-355096-FD1/B01",SCBRAN
1908,/ASBHA-FIL-3507,SCEQUI,=1073763642/109999,"/ASBH-3""-WI-355043-FD1/B06",SCBRAN
1909,/ASBHA-FIL-3507,SCEQUI,/ASBHA-FIL-3507/N,"/ASBH-0.75""-WI-355040-FD1/B01",SCBRAN
1911,/ASBHA-FIL-3507,SCEQUI,=1073763642/109999,"/ASBH-3""-WI-355043-FD1/B05",SCBRAN
1913,/ASBHA-FIL-3507,SCEQUI,/ASBHA-FIL-3507/N,"/ASBH-0.75""-WI-355041-FD1/B01",SCBRAN
1916,/ASBHA-FIL-3507,SCEQUI,/ASBHA-FIL-3507/N,"/ASBH-0.75""-WI-355042-FD1/B01",SCBRAN
1918,/ASBHA-EP-3824,SCEQUI,/ASBHA-EP-3824/N4,"/ASBH-2""-GPS-382406-FD1/B01",SCBRAN
1919,/ASBHA-EP-3824,SCEQUI,/ASBHA-EP-3824/N6,"/ASBH-3""-GPS-382402-FD1/B01",SCBRAN
1920,/ASBHA-EP-3824,SCEQUI,/ASBHA-EP-3824/N9,"/ASBH-2""-GPS-382403-FD1/B01",SCBRAN
1921,/ASBHA-EP-3824,SCEQUI,/ASBHA-EP-3824/N2,"/ASBH-10""-GPS-382404-FD7/B01",SCBRAN
1922,/ASBHA-EP-3824,SCEQUI,/ASBHA-EP-3824/N3,"/ASBH-4""-GPS-382401-FD1/B01",SCBRAN
1923,/ASBHA-EP-3824,SCEQUI,/ASBHA-EP-3824/N6,"/ASBH-2""-GPS-384036-FD1/B01",SCBRAN
1927,/ASBHA-EP-3824,SCEQUI,/ASBHA-EP-3824/N2,"/ASBH-8""-GPS-382413-FD7/B01",SCBRAN
1929,/ASBHA-EP-3824,SCEQUI,/ASBHA-EP-3824/N3,"/ASBH-2""-GPS-384037-FD1/B01",SCBRAN
1934,/ASBHA-EP-3824,SCEQUI,/ASBHA-EP-3824/N2,"/ASBH-8""-GPS-382413-FD7/B02",SCBRAN
1938,/ASBHA-FIL-1004,SCEQUI,=1073780026/20400,"/ASBH-1""-WS-101058-AR1/B01",SCBRAN
1939,/ASBHA-T-3916,SCEQUI,/ASBHA-T-3916/N3,"/ASBH-2""-WP-392299-AS1/B01",SCBRAN
1940,/ASBHA-T-3916,SCEQUI,/ASBHA-T-3916/N5,"/ASBH-1.5""-AA-392158-AS1/B02",SCBRAN
1941,/ASBHA-T-3916,SCEQUI,/ASBHA-T-3916/N11,"/ASBH-2""-WP-392163-AS1/B01",SCBRAN
1944,/ASBHA-T-3916,SCEQUI,/ASBHA-T-3916/N5,"/ASBH-1.5""--392154-AS1/B01",SCBRAN
1946,/ASBHA-T-3916,SCEQUI,/ASBHA-T-3916/N3,"/ASBH-8""-CY-392298-AR1/B01",SCBRAN
1947,/ASBHA-T-3916,SCEQUI,/ASBHA-T-3916/N3,"/ASBH-8""-CY-392282-AR1/B01",SCBRAN
1948,/ASBHA-T-3916,SCEQUI,/ASBHA-T-3916/N3,"/ASBH-8""-CY-392288-AR1/B01",SCBRAN
1949,/ASBHA-T-3916,SCEQUI,/ASBHA-T-3916/N3,"/ASBH-8""-CY-392123-AR1/B03",SCBRAN
1950,/ASBHA-T-3916,SCEQUI,/ASBHA-T-3916/N3,"/ASBH-8""-CY-392123-AR1/B01",SCBRAN
1951,/ASBHA-T-3916,SCEQUI,/ASBHA-T-3916/N3,"/ASBH-8""-CY-392156-AR1/B01",SCBRAN
1953,/ASBHA-T-3916,SCEQUI,/ASBHA-T-3916/N3,"/ASBH-3""-WP-391004-AR1/B01",SCBRAN
1954,/ASBHA-T-3916,SCEQUI,/ASBHA-T-3916/N3,"/ASBH-3""-WP-391080-AR1/B01",SCBRAN
1957,/ASBHA-EP-3804,SCEQUI,/ASBHA-EP-3804/N3,"/ASBH-4""-OCS-380401-BD1/B01",SCBRAN
1958,/ASBHA-EP-3804,SCEQUI,/ASBHA-EP-3804/N2,"/ASBH-16""-OCS-380404-BD2/B01",SCBRAN
1959,/ASBHA-EP-3804,SCEQUI,/ASBHA-EP-3804/N6,"/ASBH-3""-OCS-380402-BD1/B01",SCBRAN
1960,/ASBHA-EP-3804,SCEQUI,/ASBHA-EP-3804/N9,"/ASBH-2""-OCS-380403-BD1/B01",SCBRAN
1961,/ASBHA-EP-3804,SCEQUI,/ASBHA-EP-3804/N4,"/ASBH-2""-OCS-380406-BD1/B01",SCBRAN
1964,/ASBHA-EP-3804,SCEQUI,/ASBHA-EP-3804/N3,"/ASBH-2""-OCS-384070-BD1/B01",SCBRAN
1966,/ASBHA-EP-3804,SCEQUI,/ASBHA-EP-3804/N2,"/ASBH-14""-OCS-380413-BD2/B01",SCBRAN
1968,/ASBHA-EP-3804,SCEQUI,/ASBHA-EP-3804/N2,"/ASBH-16""-OCS-380404-BD2/B06",SCBRAN
1971,/ASBHA-EP-3804,SCEQUI,/ASBHA-EP-3804/N6,"/ASBH-2""-OCS-384071-BD1/B01",SCBRAN
1975,/ASBHA-EP-3804,SCEQUI,/ASBHA-EP-3804/N5B,"/ASBH-12""-OCS-380504-BD2/B08",SCBRAN
1976,/ASBHA-EJ-3409,SCEQUI,/ASBHA-EJ-3409/N,"/ASBH-2""-WOS-340160-BM1/B04",SCBRAN
1977,/ASBHA-EJ-3409,SCEQUI,=1073763642/38730,"/ASBH-4""-WOS-340165-BM1/B01",SCBRAN
1978,/ASBHA-EJ-3409,SCEQUI,/ASBHA-EJ-3409/N,"/ASBH-2""-WOS-340068-BM1/B01",SCBRAN
1981,/ASBHA-EJ-3409,SCEQUI,/ASBHA-EJ-3409/N,"/ASBH-2""-WOS-340068-BM1/B02",SCBRAN
1982,/ASBHA-EJ-3409,SCEQUI,/ASBHA-EJ-3409/N,"/ASBH-2""-WI-349002-BM1/B01",SCBRAN
1983,/ASBHA-EJ-3409,SCEQUI,/ASBHA-EJ-3409/N,"/ASBH-2""-WOS-340068-BM1/B03",SCBRAN
1986,/ASBHA-EP-3813,SCEQUI,/ASBHA-EP-3813/N3,"/ASBH-8""-PHS-381301-FD1/B01",SCBRAN
1987,/ASBHA-EP-3813,SCEQUI,/ASBHA-EP-3813/N2,"/ASBH-24""-PHS-381304-FD6/B01",SCBRAN
1988,/ASBHA-EP-3813,SCEQUI,/ASBHA-EP-3813/N6,"/ASBH-3""-PHS-381302-FD1/B01",SCBRAN
1989,/ASBHA-EP-3813,SCEQUI,/ASBHA-EP-3813/N9,"/ASBH-4""-PHS-381303-FD1/B01",SCBRAN
1990,/ASBHA-EP-3813,SCEQUI,/ASBHA-EP-3813/N4,"/ASBH-2""-PHS-381307-FD6/B01",SCBRAN
1993,/ASBHA-EP-3813,SCEQUI,/ASBHA-EP-3813/N6,"/ASBH-2""-PHS-384003-FD1/B01",SCBRAN
1997,/ASBHA-FIL-1002,SCEQUI,/ASBHA-FIL-5402/N,"/ASBH-1.5""-WS-101008-AR1/B01",SCBRAN
1998,/ASBHA-FIL-1002,SCEQUI,/ASBHA-FIL-5402/N2,"/ASBH-1.5""-WS-101011-AR1/B01",SCBRAN
2001,/ASBHA-FIL-1002,SCEQUI,/ASBHA-FIL-5402/N2,"/ASBH-1.5""-WS-101012-AR1/B01",SCBRAN
2002,/ASBHA-P-3514,SCEQUI,/ASBHA-P-3514/N2,"/ASBH-3""-CY-355116-AR1/B01",SCBRAN
2003,/ASBHA-P-3514,SCEQUI,/ASBHA-P-3514/N2,"/ASBH-14""-CY-355015-AR1/B01",SCBRAN
2004,/ASBHA-P-3514,SCEQUI,/ASBHA-P-3514/N1,"/ASBH-14""-CY-355123-AR1/B02",SCBRAN
2005,/ASBHA-P-3514,SCEQUI,/ASBHA-P-3514/N1,"/ASBH-14""-CY-355123-AR1/B01",SCBRAN
2007,/ASBHA-P-3514,SCEQUI,/ASBHA-P-3514/N2,"/ASBH-14""-CY-355122-AR1/B01",SCBRAN
2009,/ASBHA-P-3514,SCEQUI,/ASBHA-P-3514/N2,"/ASBH-3""-CY-355116-AR1/B02",SCBRAN
2013,/ASBHA-P-3929,SCEQUI,/ASBHA-P-3929/N2,"/ASBH-8""-CY-392168-AR1/B02",SCBRAN
2015,/ASBHA-P-3929,SCEQUI,/ASBHA-P-3929/N2,"/ASBH-8""-CY-392168-AR1/B04",SCBRAN
2017,/ASBHA-EP-3827,SCEQUI,/ASBHA-EP-3827/N5B,"/ASBH-4""-DPS-380264-BX1-P/B01",SCBRAN
2018,/ASBHA-EP-3827,SCEQUI,/ASBHA-EP-3827/N2,"/ASBH-26""-WOS-380251-BD2/B01",SCBRAN
2019,/ASBHA-EP-3827,SCEQUI,/ASBHA-EP-3827/N3,"/ASBH-8""-WOS-380252-BX1/B01",SCBRAN
2020,/ASBHA-EP-3827,SCEQUI,/ASBHA-EP-3827/N9,"/ASBH-4""-WOS-380253-BX1-P/B01",SCBRAN
2021,/ASBHA-EP-3827,SCEQUI,/ASBHA-EP-3827/N4,"/ASBH-2""-WOS-380255-BX1/B01",SCBRAN
2022,/ASBHA-EP-3827,SCEQUI,/ASBHA-EP-3827/N6,"/ASBH-3""-WOS-380254-BX1/B01",SCBRAN
2023,/ASBHA-EP-3827,SCEQUI,/ASBHA-EP-3827/N5A,"/ASBH-4""-DPS-380263-BX1-P/B01",SCBRAN
2026,/ASBHA-EP-3827,SCEQUI,/ASBHA-EP-3827/N2,"/ASBH-26""-WOS-382713-BD2/B01",SCBRAN
2033,/ASBHA-EP-3827,SCEQUI,/ASBHA-EP-3827/N6,"/ASBH-2""-WOS-384041-BX1/B01",SCBRAN
2038,/ASBHA-EP-3826,SCEQUI,/ASBHA-EP-3826/N4,"/ASBH-2""-GPS-382606-FD1/B01",SCBRAN
2039,/ASBHA-EP-3826,SCEQUI,/ASBHA-EP-3826/N6,"/ASBH-3""-GPS-382602-FD1/B01",SCBRAN
2040,/ASBHA-EP-3826,SCEQUI,/ASBHA-EP-3826/N9,"/ASBH-2""-GPS-382603-FD1/B01",SCBRAN
2041,/ASBHA-EP-3826,SCEQUI,/ASBHA-EP-3826/N2,"/ASBH-10""-GPS-382604-FD7/B01",SCBRAN
2042,/ASBHA-EP-3826,SCEQUI,/ASBHA-EP-3826/N3,"/ASBH-4""-GPS-382601-FD1/B01",SCBRAN
2043,/ASBHA-EP-3826,SCEQUI,/ASBHA-EP-3826/N6,"/ASBH-2""-GPS-384038-FD1/B01",SCBRAN
2047,/ASBHA-EP-3826,SCEQUI,/ASBHA-EP-3826/N2,"/ASBH-8""-GPS-382613-FD7/B01",SCBRAN
2049,/ASBHA-EP-3826,SCEQUI,/ASBHA-EP-3826/N2,"/ASBH-10""-GPS-382604-FD7/B05",SCBRAN
2055,/ASBHA-EP-3826,SCEQUI,/ASBHA-EP-3826/N2,"/ASBH-8""-GPS-382613-FD7/B02",SCBRAN
2057,/ASBHA-V-5003,SCEQUI,/ASBHA-V-5003/N2,"/ASBH-3""-DO-504055-AO1/B01",SCBRAN
2058,/ASBHA-FIL-3921,SCEQUI,/ASBHA-FIL-3921/N2,"/ASBH-0.5""-CI-392011-IT1/B01",SCBRAN
2059,/ASBHA-V-3522,SCEQUI,=1073771834/24930,"/ASBH-6""-WI-356192-AR1/B01",SCBRAN
2060,/ASBHA-V-3522,SCEQUI,=1073771834/24932,"/ASBH-6""-WI-356197-AR1/B01",SCBRAN
2061,/ASBHA-V-3522,SCEQUI,=1073771834/24934,"/ASBH-3""-WI-356189-AR1/B01",SCBRAN
2062,/ASBHA-V-3522,SCEQUI,=1073771834/24930,"/ASBH-6""-WI-356192-AR1/B02",SCBRAN
2064,/ASBHA-V-3522,SCEQUI,=1073771834/24930,"/ASBH-6""-WI-356192-AR1/B03",SCBRAN
2066,/ASBHA-V-3522,SCEQUI,=1073771834/24932,"/ASBH-6""-WI-356197-AR1/B02",SCBRAN
2068,/ASBHA-V-3522,SCEQUI,=1073771834/24932,"/ASBH-6""-WI-356197-AR1/B03",SCBRAN
2070,/ASBHA-T-1001,SCEQUI,/ASBHA-T-1001/N6,"/ASBH-2""-WP-100007-AR1/B01",SCBRAN
2071,/ASBHA-T-1001,SCEQUI,/ASBHA-T-1001/N2,"/ASBH-3""-WP-100002-AR1/B01",SCBRAN
2072,/ASBHA-T-1001,SCEQUI,/ASBHA-T-1001/N7,"/ASBH-2""-WP-100022-AR1/B01",SCBRAN
2073,/ASBHA-T-1001,SCEQUI,/ASBHA-T-1001/N1,"/ASBH-2""-WP-100001-AR1/B01",SCBRAN
2074,/ASBHA-T-1001,SCEQUI,/ASBHA-T-1001/N6,"/ASBH-2""-WP-100005-AR1/B01",SCBRAN
2076,/ASBHA-T-1001,SCEQUI,/ASBHA-T-1001/N6,"/ASBH-2""-WP-100008-AR1/B04",SCBRAN
2079,/ASBHA-T-1001,SCEQUI,/ASBHA-T-1001/N6,"/ASBH-2""-WP-100006-AR1/B01",SCBRAN
2080,/ASBHA-T-1001,SCEQUI,/ASBHA-T-1001/N2,"/ASBH-3""-WP-100002-AR1/B02",SCBRAN
2082,/ASBHA-T-1001,SCEQUI,/ASBHA-T-1001/N2,"/ASBH-3""-WP-100003-AR1/B01",SCBRAN
2084,/ASBHA-T-1001,SCEQUI,/ASBHA-T-1001/N2,"/ASBH-3""-WP-100002-AR1/B03",SCBRAN
2086,/ASBHA-T-1001,SCEQUI,/ASBHA-T-1001/N2,"/ASBH-3""-WP-100002-AR1/B04",SCBRAN
2088,/ASBHA-T-1001,SCEQUI,/ASBHA-T-1001/N2,"/ASBH-3""-WP-100002-AR1/B05",SCBRAN
2090,/ASBHA-T-1001,SCEQUI,/ASBHA-T-1001/N1,"/ASBH-2""-WP-100020-AR1/B01",SCBRAN
2095,/ASBHA-T-1001,SCEQUI,/ASBHA-T-1001/N6,"/ASBH-2""-WP-100008-AR1/B01",SCBRAN
2096,/ASBHA-T-1001,SCEQUI,/ASBHA-T-1001/N6,"/ASBH-2""-WP-100008-AR1/B02",SCBRAN
2098,/ASBHA-T-1001,SCEQUI,/ASBHA-T-1001/N6,"/ASBH-2""-WP-100021-AR1/B01",SCBRAN
2102,/ASBHA-T-1001,SCEQUI,/ASBHA-T-1001/N6,"/ASBH-2""-WP-100006-AR1/B02",SCBRAN
2104,/ASBHA-T-1001,SCEQUI,/ASBHA-T-1001/N6,"/ASBH-2""-WP-100006-AR1/B03",SCBRAN
2110,/ASBHA-T-1001,SCEQUI,/ASBHA-T-1001/N2,"/ASBH-3""-WP-100003-AR1/B02",SCBRAN
2112,/ASBHA-T-1001,SCEQUI,/ASBHA-T-1001/N2,"/ASBH-3""-WP-100003-AR1/B03",SCBRAN
2114,/ASBHA-T-1001,SCEQUI,/ASBHA-T-1001/N2,"/ASBH-3""-WP-100003-AR1/B05",SCBRAN
2117,/ASBHA-P-5002,SCEQUI,/ASBHA-P-5002/N2,"/ASBH-2""-DO-500409-AR1/B01",SCBRAN
2118,/ASBHA-P-5002,SCEQUI,/ASBHA-P-5002/N2,"/ASBH-2""-DO-500410-AR1/B01",SCBRAN
2119,/ASBHA-P-5002,SCEQUI,/ASBHA-P-5002/N2,"/ASBH-3""-DO-500408-AR1/B02",SCBRAN
2120,/ASBHA-P-5002,SCEQUI,/ASBHA-P-5002/N2,"/ASBH-3""-DO-500408-AR1/B01",SCBRAN
2125,/ASBHA-P-5002,SCEQUI,/ASBHA-P-5002/N1,"/ASBH-3""-DO-500405-AR1/B02",SCBRAN
2126,/ASBHA-P-5002,SCEQUI,/ASBHA-P-5002/N1,"/ASBH-3""-DO-500405-AR1/B01",SCBRAN
2127,/ASBHA-P-5002,SCEQUI,/ASBHA-P-5002/N1,"/ASBH-3""-DO-500405-AR1/B04",SCBRAN
2129,/ASBHA-P-5002,SCEQUI,/ASBHA-P-5002/N1,"/ASBH-3""-DO-500405-AR1/B06",SCBRAN
2131,/ASBHA-P-5002,SCEQUI,/ASBHA-P-5002/N1,"/ASBH-3""-DO-500405-AR1/B07",SCBRAN
2136,/ASBHA-T-3503,SCEQUI,/ASBHA-T-3503/N1,"/ASBH-10""-WI-355029-AR1/B01",SCBRAN
2137,/ASBHA-T-3503,SCEQUI,/ASBHA-T-3503/N2,"/ASBH-14""-CY-355119-AR1/B01",SCBRAN
2138,/ASBHA-T-3503,SCEQUI,/ASBHA-T-3503/N5,"/ASBH-2""-CY-355118-AR1/B01",SCBRAN
2139,/ASBHA-T-3503,SCEQUI,/ASBHA-T-3503/N4,"/ASBH-3""-CY-355117-AR1/B01",SCBRAN
2140,/ASBHA-T-3503,SCEQUI,/ASBHA-T-3503/N3,"/ASBH-3""-CY-355116-AR1/B01",SCBRAN
2141,/ASBHA-T-3503,SCEQUI,/ASBHA-T-3503/N2,"/ASBH-14""-CY-355120-AR1/B01",SCBRAN
2143,/ASBHA-T-3503,SCEQUI,/ASBHA-T-3503/N2,"/ASBH-14""-CY-355119-AR1/B02",SCBRAN
2150,/ASBHA-T-3503,SCEQUI,/ASBHA-T-3503/N3,"/ASBH-14""-CY-355122-AR1/B01",SCBRAN
2152,/ASBHA-T-3503,SCEQUI,/ASBHA-T-3503/N3,"/ASBH-3""-CY-355116-AR1/B02",SCBRAN
2155,/ASBHA-T-3503,SCEQUI,/ASBHA-T-3503/N3,"/ASBH-14""-CY-355015-AR1/B01",SCBRAN
2156,/ASBHA-T-3503,SCEQUI,/ASBHA-T-3503/N2,"/ASBH-14""-CY-355120-AR1/B02",SCBRAN
2161,/ASBHA-EP-3806,SCEQUI,/ASBHA-EP-3806/N3,"/ASBH-4""-OCS-380601-BD1/B01",SCBRAN
2162,/ASBHA-EP-3806,SCEQUI,/ASBHA-EP-3806/N2,"/ASBH-10""-OCS-380604-BD2/B01",SCBRAN
2163,/ASBHA-EP-3806,SCEQUI,/ASBHA-EP-3806/N6,"/ASBH-3""-OCS-380602-BD1/B02",SCBRAN
2164,/ASBHA-EP-3806,SCEQUI,/ASBHA-EP-3806/N4,"/ASBH-2""-OCS-380606-BD1/B01",SCBRAN
2165,/ASBHA-EP-3806,SCEQUI,/ASBHA-EP-3806/N9,"/ASBH-2""-OCS-380603-BD1/B01",SCBRAN
2168,/ASBHA-EP-3806,SCEQUI,/ASBHA-EP-3806/N3,"/ASBH-2""-OCS-384074-BD1/B01",SCBRAN
2170,/ASBHA-EP-3806,SCEQUI,/ASBHA-EP-3806/N2,"/ASBH-10""-OCS-380604-BD2/B04",SCBRAN
2172,/ASBHA-EP-3806,SCEQUI,/ASBHA-EP-3806/N2,"/ASBH-10""-OCS-380604-BD2/B05",SCBRAN
2174,/ASBHA-EP-3806,SCEQUI,/ASBHA-EP-3806/N2,"/ASBH-10""-OCS-380604-BD2/B06",SCBRAN
2176,/ASBHA-EP-3806,SCEQUI,/ASBHA-EP-3806/N2,"/ASBH-8""-OCS-380613-BD2/B01",SCBRAN
2178,/ASBHA-EP-3806,SCEQUI,/ASBHA-EP-3806/N2,"/ASBH-10""-OCS-380604-BD2/B08",SCBRAN
2180,/ASBHA-EP-3806,SCEQUI,/ASBHA-EP-3806/N2,"/ASBH-10""-OCS-380604-BD2/B07",SCBRAN
2183,/ASBHA-EP-3806,SCEQUI,/ASBHA-EP-3806/N6,"/ASBH-2""-OCS-384075-BD1/B01",SCBRAN
2188,/ASBHA-T-3909,SCEQUI,/ASBHA-T-3909/N9,"/ASBH-4""-CY-392171-AR1/B03",SCBRAN
2189,/ASBHA-T-3909,SCEQUI,/ASBHA-T-3909/N6,"/ASBH-2""-CY-392153-AS1/B03",SCBRAN
2190,/ASBHA-T-3909,SCEQUI,/ASBHA-T-3909/N9,"/ASBH-4""-CY-392171-AR1/B04",SCBRAN
2192,/ASBHA-T-3909,SCEQUI,/ASBHA-T-3909/N6,"/ASBH-1.5""--392159-AS1/B01",SCBRAN
2195,/ASBHA-T-3909,SCEQUI,/ASBHA-T-3909/N6,"/ASBH-2""-CY-392127-AS1/B01",SCBRAN
2196,/ASBHA-T-3909,SCEQUI,/ASBHA-T-3909/N11,"/ASBH-2""-WP-392163-AS1/B01",SCBRAN
2197,/ASBHA-T-3909,SCEQUI,/ASBHA-T-3909/N6,"/ASBH-2""-CY-392127-AS1/B07",SCBRAN
2199,/ASBHA-T-3909,SCEQUI,/ASBHA-T-3909/N6,"/ASBH-2""-CY-392127-AS1/B02",SCBRAN
2201,/ASBHA-T-3909,SCEQUI,/ASBHA-T-3909/N6,"/ASBH-2""-CY-392181-AS1/B01",SCBRAN
2203,/ASBHA-T-3909,SCEQUI,/ASBHA-T-3909/N6,"/ASBH-2""-CY-392127-AS1/B04",SCBRAN
2205,/ASBHA-T-3909,SCEQUI,/ASBHA-T-3909/N6,"/ASBH-2""-CY-392185-AS1/B01",SCBRAN
2209,/ASBHA-T-3909,SCEQUI,/ASBHA-T-3909/N6,"/ASBH-2""-CY-392127-AS1/B03",SCBRAN
2211,/ASBHA-T-3909,SCEQUI,/ASBHA-T-3909/N6,"/ASBH-2""-CY-392181-AS1/B05",SCBRAN
2215,/ASBHA-T-3909,SCEQUI,/ASBHA-T-3909/N6,"/ASBH-2""-CY-392127-AS1/B05",SCBRAN
2217,/ASBHA-EP-3802,SCEQUI,/ASBHA-EP-3802/N3,"/ASBH-4""-OCS-380201-BD1/B01",SCBRAN
2218,/ASBHA-EP-3802,SCEQUI,/ASBHA-EP-3802/N2,"/ASBH-16""-OCS-380204-BD2/B09",SCBRAN
2219,/ASBHA-EP-3802,SCEQUI,/ASBHA-EP-3802/N6,"/ASBH-3""-OCS-380202-BD1/B01",SCBRAN
2220,/ASBHA-EP-3802,SCEQUI,/ASBHA-EP-3802/N9,"/ASBH-2""-OCS-380203-BD1/B01",SCBRAN
2221,/ASBHA-EP-3802,SCEQUI,/ASBHA-EP-3802/N4,"/ASBH-2""-OCS-380206-BD1/B01",SCBRAN
2224,/ASBHA-EP-3802,SCEQUI,/ASBHA-EP-3802/N3,"/ASBH-2""-OCS-384066-BD1/B01",SCBRAN
2226,/ASBHA-EP-3802,SCEQUI,/ASBHA-EP-3802/N2,"/ASBH-14""-OCS-380213-BD2/B01",SCBRAN
2228,/ASBHA-EP-3802,SCEQUI,/ASBHA-EP-3802/N2,"/ASBH-16""-OCS-380204-BD2/B07",SCBRAN
2230,/ASBHA-EP-3802,SCEQUI,/ASBHA-EP-3802/N6,"/ASBH-2""-OCS-384067-BD1/B01",SCBRAN
2234,/ASBHA-EP-3802,SCEQUI,/ASBHA-EP-3802/N5B,"/ASBH-12""-OCS-380504-BD2/B08",SCBRAN
2235,/ASBHA-T-3914,SCEQUI,/ASBHA-T-3914/N1,"/ASBH-2""-CY-392216-AH1/B01",SCBRAN
2236,/ASBHA-T-3914,SCEQUI,/ASBHA-T-3914/N5,"/ASBH-3""-CY-392217-AH1/B01",SCBRAN
2237,/ASBHA-T-3914,SCEQUI,/ASBHA-T-3914/N2,"/ASBH-1""-CY-392219-AT1/B01",SCBRAN
2238,/ASBHA-T-3914,SCEQUI,/ASBHA-T-3914/N2,"/ASBH-1""-CY-392219-AT1/B03",SCBRAN
2240,/ASBHA-T-3914,SCEQUI,/ASBHA-T-3914/N2,"/ASBH-1""-CY-392219-AT1/B02",SCBRAN
2242,/ASBHA-T-3914,SCEQUI,/ASBHA-T-3914/N2,"/ASBH-1""-CY-392220-AT1/B01",SCBRAN
2245,/ASBHA-T-3914,SCEQUI,/ASBHA-T-3914/N2,"/ASBH-1""-CY-392219-AT1/B04",SCBRAN
2247,/ASBHA-T-3914,SCEQUI,/ASBHA-T-3914/N2,"/ASBH-1""-CY-392219-AT1/B05",SCBRAN
2250,/ASBHA-T-3914,SCEQUI,/ASBHA-T-3914/N2,"/ASBH-0.5""-CY-392239-AT1/B01",SCBRAN
2252,/ASBHA-T-3914,SCEQUI,/ASBHA-T-3914/N2,"/ASBH-1""-CY-392220-AT1/B03",SCBRAN
2254,/ASBHA-T-3914,SCEQUI,/ASBHA-T-3914/N2,"/ASBH-1""-CY-392220-AT1/B04",SCBRAN
2257,/ASBHA-EP-3828,SCEQUI,/ASBHA-EP-3828/N2,"/ASBH-10""-WI-382804-FD4/B01",SCBRAN
2258,/ASBHA-EP-3828,SCEQUI,/ASBHA-EP-3828/N3,"/ASBH-4""-WI-382801-FD1/B01",SCBRAN
2259,/ASBHA-EP-3828,SCEQUI,/ASBHA-EP-3828/N9,"/ASBH-2""-WI-382803-FD1/B01",SCBRAN
2260,/ASBHA-EP-3828,SCEQUI,/ASBHA-EP-3828/N6,"/ASBH-3""-WI-382802-FD1/B01",SCBRAN
2261,/ASBHA-EP-3828,SCEQUI,/ASBHA-EP-3828/N4,"/ASBH-2""-WI-382805-FD1/B01",SCBRAN
2262,/ASBHA-EP-3828,SCEQUI,/ASBHA-EP-3828/N9,"/ASBH-2""-WI-382803-FD1/B02",SCBRAN
2263,/ASBHA-EP-3828,SCEQUI,/ASBHA-EP-3828/N2,"/ASBH-16""-WI-382813-FD4/B01",SCBRAN
2268,/ASBHA-EP-3828,SCEQUI,/ASBHA-EP-3828/N6,"/ASBH-2""-WI-384047-FD1/B01",SCBRAN
2270,/ASBHA-P-3413,SCEQUI,/ASBHA-P-3413/N1,"/ASBH-4""-OCS-340044-BD1/B01",SCBRAN
2271,/ASBHA-P-3413,SCEQUI,/ASBHA-P-3413/N2,"/ASBH-3""-OCS-340316-BD1/B01",SCBRAN
2272,/ASBHA-P-3963,SCEQUI,/ASBHA-P-3963/N,"/ASBH-2""-DO-392267-AT1/B01",SCBRAN
2273,/ASBHA-P-3963,SCEQUI,=1073780026/36160,"/ASBH-3""-DO-392255-AS1/B02",SCBRAN
2274,/ASBHA-P-3963,SCEQUI,=1073780026/36160,"/ASBH-1""-DO-392263-AM1/B01",SCBRAN
2275,/ASBHA-P-3963,SCEQUI,=1073780026/36160,"/ASBH-3""-DO-392262-AT1/B01",SCBRAN
2276,/ASBHA-P-3936,SCEQUI,/=1073812794/5616/N,"/ASBH-1.5""-CY-392241-AH1/B01",SCBRAN
2277,/ASBHA-P-3936,SCEQUI,/=1073812794/5616/N,"/ASBH-1.5""-CY-392240-AH1/B01",SCBRAN
2278,/ASBHA-FIL-5421,SCEQUI,/ASBHA-FIL-5421/N,"/ASBH-3""-AI-541007-AS1/B01",SCBRAN
2279,/ASBHA-FIL-5421,SCEQUI,/ASBHA-FIL-5421/N,"/ASBH-3""-AI-541006-AS1/B02",SCBRAN
2280,/ASBHA-FIL-5421,SCEQUI,/ASBHA-FIL-5421/N,"/ASBH-3""-AI-541006-AS1/B01",SCBRAN
2282,/ASBHA-FIL-5421,SCEQUI,/ASBHA-FIL-5421/N,"/ASBH-3""-AI-541005-AS1/B01",SCBRAN
2285,/ASBHA-V-3511,SCEQUI,/ASBHA-V-3511/N6,"/ASBH-2""-WI-350018-AR1/B01",SCBRAN
2286,/ASBHA-V-3511,SCEQUI,/ASBHA-V-3511/N5A,"/ASBH-2""-WI-350037-AR1/B01",SCBRAN
2287,/ASBHA-V-3511,SCEQUI,/ASBHA-V-3511/N3B,"/ASBH-6""-WI-350017-AR1/B01",SCBRAN
2288,/ASBHA-EJ-3522,SCEQUI,=1073763642/120886,"/ASBH-6""-WI-350016-AR1/B02",SCBRAN
2289,/ASBHA-EJ-3522,SCEQUI,=1073763642/120888,"/ASBH-6""-WI-356194-AR1/B01",SCBRAN
2290,/ASBHA-EJ-3522,SCEQUI,=1073763642/120888,"/ASBH-6""-WI-356193-AR1/B01",SCBRAN
2293,/ASBHA-P-3919,SCEQUI,/ASBHA-P-3919/N1,"/ASBH-8""-CY-392166-AR1/B03",SCBRAN
2294,/ASBHA-P-3919,SCEQUI,/ASBHA-P-3919/N1,"/ASBH-8""-CY-392166-AR1/B01",SCBRAN
2296,/ASBHA-P-3919,SCEQUI,/ASBHA-P-3919/N2,"/ASBH-8""-CY-392172-AR1/B02",SCBRAN
2297,/ASBHA-P-3919,SCEQUI,/ASBHA-P-3919/N2,"/ASBH-8""-CY-392172-AR1/B01",SCBRAN
2298,/ASBHA-P-3919,SCEQUI,/ASBHA-P-3919/N2,"/ASBH-8""-CY-392172-AR1/B03",SCBRAN
2300,/ASBHA-P-3919,SCEQUI,/ASBHA-P-3919/N1,"/ASBH-2""-CY-392162-AR1/B01",SCBRAN
2301,/ASBHA-P-3919,SCEQUI,/ASBHA-P-3919/N2,"/ASBH-8""-CY-392172-AR1/B04",SCBRAN
2304,/ASBHA-V-3401,SCEQUI,/ASBHA-V-3401/N2,"/ASBH-24""-GPS-340054-AX2/B01",SCBRAN
2305,/ASBHA-V-3401,SCEQUI,/ASBHA-V-3401/N4,"/ASBH-10""-OCS-340081-AD1/B01",SCBRAN
2306,/ASBHA-V-3401,SCEQUI,/ASBHA-V-3401/N5,"/ASBH-24""-GPS-340003-AX2/B01",SCBRAN
2307,/ASBHA-V-3401,SCEQUI,/ASBHA-V-3401/N6,"/ASBH-2""-OCS-340056-AD4/B01",SCBRAN
2308,/ASBHA-V-3401,SCEQUI,/ASBHA-V-3401/N7,"/ASBH-2""-OCS-340053-AD4/B01",SCBRAN
2309,/ASBHA-V-3401,SCEQUI,/ASBHA-V-3401/N1,"/ASBH-30""-PHS-340001-AD4/B01",SCBRAN
2310,/ASBHA-V-3401,SCEQUI,/ASBHA-V-3401/N3,"/ASBH-20""-OCS-340070-AD4/B01",SCBRAN
2311,/ASBHA-V-3401,SCEQUI,/ASBHA-V-3401/N2,"/ASBH-24""-GPS-340054-AX2/B08",SCBRAN
2313,/ASBHA-V-3401,SCEQUI,/ASBHA-V-3401/N2,"/ASBH-24""-GPS-340054-AX2/B05",SCBRAN
2315,/ASBHA-V-3401,SCEQUI,/ASBHA-V-3401/N4,"/ASBH-10""-OCS-340081-AD1/B03",SCBRAN
2317,/ASBHA-V-3401,SCEQUI,/ASBHA-V-3401/N5,"/ASBH-14""-GPS-340009-AX2/B01",SCBRAN
2319,/ASBHA-V-3401,SCEQUI,/ASBHA-V-3401/N5,"/ASBH-14""-GPS-340078-AX2/B01",SCBRAN
2321,/ASBHA-V-3401,SCEQUI,/ASBHA-V-3401/N1,"/ASBH-30""-PHS-340001-AD4/B02",SCBRAN
2323,/ASBHA-T-3904,SCEQUI,/ASBHA-T-3904/N1,"/ASBH-2""-CF-390004-AS1/B01",SCBRAN
2324,/ASBHA-T-3904,SCEQUI,/ASBHA-T-3904/N5,"/ASBH-3""-CF-390029-AS1/B01",SCBRAN
2325,/ASBHA-T-3904,SCEQUI,/ASBHA-T-3904/N2,"/ASBH-1""-CI-392045-IT1/B01",SCBRAN
2326,/ASBHA-T-3904,SCEQUI,/ASBHA-T-3904/N5,"/ASBH-3""-CF-390029-AS1/B02",SCBRAN
2328,/ASBHA-T-3904,SCEQUI,/ASBHA-T-3904/N2,"/ASBH-1""-CI-392045-IT1/B02",SCBRAN
2330,/ASBHA-T-3904,SCEQUI,/ASBHA-T-3904/N2,"/ASBH-1""-CI-392045-IT1/B03",SCBRAN
2334,/ASBHA-T-3904,SCEQUI,/ASBHA-T-3904/N2,"/ASBH-0.5""-CI-392049-IT1/B01",SCBRAN
2337,/ASBHA-T-5101,SCEQUI,=1073763642/163649,"/ASBH-2""-WW-512005-AR1/B01",SCBRAN
2338,/ASBHA-T-5101,SCEQUI,=1073763642/163741,"/ASBH-2""-WW-512004-AR1/B01",SCBRAN
2339,/ASBHA-T-5101,SCEQUI,=1073763642/163759,"/ASBH-2""-WW-512003-AR1/B01",SCBRAN
2340,/ASBHA-T-5101,SCEQUI,=1073763642/163765,"/ASBH-2""-WW-512002-AR1/B01",SCBRAN
2341,/ASBHA-T-5101,SCEQUI,=1073763642/163797,"/ASBH-4""-WW-510003-AR1/B01",SCBRAN
2358,/ASBHA-T-5101,SCEQUI,=1073763642/163797,"/ASBH-4""-WW-512001-AR1/B01",SCBRAN
2361,/ASBHA-T-5101,SCEQUI,=1073763642/163797,"/ASBH-4""-WW-510001-AR1/B01",SCBRAN
2362,/ASBHA-EP-3829,SCEQUI,/ASBHA-EP-3829/N2,"/ASBH-8""-WI-382904-FD4/B01",SCBRAN
2363,/ASBHA-EP-3829,SCEQUI,/ASBHA-EP-3829/N3,"/ASBH-4""-WI-382901-FD1/B01",SCBRAN
2364,/ASBHA-EP-3829,SCEQUI,/ASBHA-EP-3829/N9,"/ASBH-2""-WI-382903-FD1/B01",SCBRAN
2365,/ASBHA-EP-3829,SCEQUI,/ASBHA-EP-3829/N6,"/ASBH-3""-WI-382902-FD1/B02",SCBRAN
2366,/ASBHA-EP-3829,SCEQUI,/ASBHA-EP-3829/N4,"/ASBH-2""-WI-382905-FD1/B01",SCBRAN
2367,/ASBHA-EP-3829,SCEQUI,/ASBHA-EP-3829/N2,"/ASBH-12""-WI-382913-FD4/B01",SCBRAN
2373,/ASBHA-EP-3829,SCEQUI,/ASBHA-EP-3829/N6,"/ASBH-2""-WI-384050-FD1/B01",SCBRAN
2375,/ASBHA-EP-3819,SCEQUI,/ASBHA-EP-3819/N6,"/ASBH-3""-GPS-381902-ED1-P/B01",SCBRAN
2376,/ASBHA-EP-3819,SCEQUI,/ASBHA-EP-3819/N9,"/ASBH-2""-GPS-381903-ED1-P/B01",SCBRAN
2377,/ASBHA-EP-3819,SCEQUI,/ASBHA-EP-3819/N2,"/ASBH-6""-GPS-381904-ED3-P/B01",SCBRAN
2378,/ASBHA-EP-3819,SCEQUI,/ASBHA-EP-3819/N3,"/ASBH-4""-GPS-381901-ED1-P/B01",SCBRAN
2379,/ASBHA-EP-3819,SCEQUI,/ASBHA-EP-3819/N6,"/ASBH-2""--384028-ED1/B01",SCBRAN
2383,/ASBHA-EP-3819,SCEQUI,/ASBHA-EP-3819/N2,"/ASBH-6""-GPS-381913-ED3-P/B01",SCBRAN
2385,/ASBHA-EP-3819,SCEQUI,/ASBHA-EP-3819/N3,"/ASBH-2""-GPS-384029-ED1/B01",SCBRAN
2389,/ASBHA-EP-3805,SCEQUI,/ASBHA-EP-3805/N3,"/ASBH-4""-OCS-380501-BD1/B01",SCBRAN
2390,/ASBHA-EP-3805,SCEQUI,/ASBHA-EP-3805/N2,"/ASBH-12""-OCS-380504-BD2/B01",SCBRAN
2391,/ASBHA-EP-3805,SCEQUI,/ASBHA-EP-3805/N6,"/ASBH-3""-OCS-380502-BD1/B01",SCBRAN
2392,/ASBHA-EP-3805,SCEQUI,/ASBHA-EP-3805/N9,"/ASBH-2""-OCS-380503-BD1/B01",SCBRAN
2393,/ASBHA-EP-3809,SCEQUI,/ASBHA-EP-3809/N3,"/ASBH-6""-GPS-380901-AD4/B01",SCBRAN
2394,/ASBHA-EP-3809,SCEQUI,/ASBHA-EP-3809/N2,"/ASBH-16""-GPS-380904-AD5/B01",SCBRAN
2395,/ASBHA-EP-3809,SCEQUI,/ASBHA-EP-3809/N6,"/ASBH-3""-GPS-380902-AD4/B01",SCBRAN
2396,/ASBHA-EP-3809,SCEQUI,/ASBHA-EP-3809/N9,"/ASBH-4""-GPS-380903-AD4/B01",SCBRAN
2397,/ASBHA-EP-3809,SCEQUI,/ASBHA-EP-3809/N4,"/ASBH-2""-GPS-380055-AD1/B01",SCBRAN
2401,/ASBHA-EP-3809,SCEQUI,/ASBHA-EP-3809/N2,"/ASBH-10""-GPS-380913-AD5/B01",SCBRAN
2403,/ASBHA-EP-3809,SCEQUI,/ASBHA-EP-3809/N6,"/ASBH-2""-GPS-384010-AD4/B01",SCBRAN
2407,/ASBHA-EP-3809,SCEQUI,/ASBHA-EP-3809/N3,"/ASBH-8""-GPS-383701-AD4/B01",SCBRAN
2408,/ASBHA-EP-3809,SCEQUI,/ASBHA-EP-3809/N3,"/ASBH-8""-GPS-381001-AD4/B01",SCBRAN
2409,/ASBHA-EP-3809,SCEQUI,/ASBHA-EP-3809/N3,"/ASBH-8""-GPS-381201-AD4/B01",SCBRAN
2410,/ASBHA-EP-3809,SCEQUI,/ASBHA-EP-3809/N3,"/ASBH-8""-GPS-381101-AD4/B01",SCBRAN
